Company Name,Top Parent Company,Company Type,Company Category
COMPLETION PRODUCTS PTE. LTD.,COMPLETION PRODUCTS PTE. LTD.,EXEMPT PRIVATE COMPANY LIMITED BY SHARES,
"THANKO,INC.","THANKO,INC.",,
P.C. IMAGE SDN. BHD.,P.C. IMAGE SDN. BHD.,,
SINOTRANS (SG) PTE. LTD.,SINOTRANS OVERSEAS DEVELOPMENT LIMITED,PRIVATE COMPANY LIMITED BY SHARES,
SENGKANG GENERAL HOSPITAL PTE. LTD.,MINISTER FOR FINANCE,PRIVATE COMPANY LIMITED BY SHARES,Govt & Related Agencies
SMRT TRAINS LTD.,TEMASEK HOLDINGS (PRIVATE) LIMITED,PUBLIC COMPANY LIMITED BY SHARES,Govt & Related Agencies
SINGAPORE AIRLINES LIMITED,SINGAPORE AIRLINES LIMITED,PUBLIC COMPANY LIMITED BY SHARES,Govt & Related Agencies
NATIONAL UNIVERSITY HOSPITAL (SINGAPORE) PTE LTD,MINISTER FOR FINANCE,PRIVATE COMPANY LIMITED BY SHARES,Govt & Related Agencies
KHOO TECK PUAT HOSPTIAL PTE. LTD.,MINISTER FOR FINANCE,PRIVATE COMPANY LIMITED BY SHARES,Govt & Related Agencies
ST ENGINEERING ADVANCED NETWORKS & SENSORS PTE. LTD.,SINGAPORE TECHNOLOGIES ENGINEERING LTD,PRIVATE COMPANY LIMITED BY SHARES,Govt & Related Agencies
CIVIL AVIATION AUTHORITY OF SINGAPORE,CIVIL AVIATION AUTHORITY OF SINGAPORE,,Govt & Related Agencies
ENERGY MARKET COMPANY PTE LTD,ENERGY MARKET COMPANY PTE LTD,PRIVATE LIMITED,Govt & Related Agencies
HWA CHONG INSTITUTION,HWA CHONG INSTITUTION,,Govt & Related Agencies
INSTITUTE OF MENTAL HEALTH,INSTITUTE OF MENTAL HEALTH,SOLE PROPRIETOR,Govt & Related Agencies
JTC CORPORATION,JTC CORPORATION,,Govt & Related Agencies
SEATRIUM LIMITED,SEATRIUM LIMITED,PUBLIC COMPANY LIMITED BY SHARES,Govt & Related Agencies
KK WOMEN'S AND CHILDREN'S HOSPITAL PTE. LTD.,MINISTER FOR FINANCE,PRIVATE COMPANY LIMITED BY SHARES,Govt & Related Agencies
MEDIACORP PTE. LTD.,TEMASEK HOLDINGS (PRIVATE) LIMITED,PRIVATE COMPANY LIMITED BY SHARES,Govt & Related Agencies
MINISTRY OF HOME AFFAIRS,MINISTRY OF HOME AFFAIRS,,Govt & Related Agencies
MINISTRY OF EDUCATION,MINISTRY OF EDUCATION,,Govt & Related Agencies
NATIONAL UNIVERSITY OF SINGAPORE,MINISTRY OF EDUCATION,PUBLIC COMPANY LIMITED BY GUARANTEE,Govt & Related Agencies
NCS PTE. LTD.,SINGAPORE TELECOMMUNICATIONS LIMITED,PRIVATE COMPANY LIMITED BY SHARES,Govt & Related Agencies
NATIONAL HEALTHCARE GROUP POLYCLINICS,MINISTRY OF HEALTH,SOLE PROPRIETOR,Govt & Related Agencies
NCSI SOLUTIONS PTE. LTD.,NCSI SOLUTIONS PTE. LTD.,PRIVATE LIMITED,Govt & Related Agencies
NG TENG FONG GENERAL HOSPITAL,MINISTRY OF HEALTH,SOLE PROPRIETOR,Govt & Related Agencies
NTUC FAIRPRICE CO-OPERATIVE LTD,NATIONAL TRADE UNION CONGRESS,PRIVATE LIMITED,Govt & Related Agencies
PEOPLE'S ASSOCIATION,PEOPLE'S ASSOCIATION,,Govt & Related Agencies
SIA ENGINEERING COMPANY LIMITED,SINGAPORE AIRLINES LIMITED,PUBLIC COMPANY LIMITED BY SHARES,Govt & Related Agencies
ST ENGINEERING URBAN SOLUTIONS LTD.,SINGAPORE TECHNOLOGIES ENGINEERING LTD,PUBLIC COMPANY LIMITED BY SHARES,Govt & Related Agencies
SINGAPORE GENERAL HOSPITAL PTE LTD,MINISTER FOR FINANCE,PRIVATE COMPANY LIMITED BY SHARES,Govt & Related Agencies
ST ENGINEERING MARINE LTD.,SINGAPORE TECHNOLOGIES ENGINEERING LTD,PUBLIC COMPANY LIMITED BY SHARES,Govt & Related Agencies
ST ENGINEERING AEROSPACE SYSTEMS PTE. LTD.,SINGAPORE TECHNOLOGIES ENGINEERING LTD,EXEMPT PRIVATE COMPANY LIMITED BY SHARES,Govt & Related Agencies
ST ENGINEERING DEFENCE AVIATION SERVICES PTE. LTD.,SINGAPORE TECHNOLOGIES ENGINEERING LTD,EXEMPT PRIVATE COMPANY LIMITED BY SHARES,Govt & Related Agencies
ST ENGINEERING AEROSPACE ENGINES PTE. LTD.,ST ENGINEERING AEROSPACE ENGINES PTE. LTD.,EXEMPT PRIVATE COMPANY LIMITED BY SHARES,Govt & Related Agencies
SINGAPORE AEROSPACE MANUFACTURING PRIVATE LIMITED,SINGAPORE AEROSPACE MANUFACTURING PRIVATE LIMITED,PRIVATE LIMITED,Govt & Related Agencies
ST ENGINEERING AEROSPACE SUPPLIES PTE. LTD.,ST ENGINEERING AEROSPACE SUPPLIES PTE. LTD.,PRIVATE LIMITED,Govt & Related Agencies
ST ENGINEERING AEROSPACE SERVICES COMPANY PTE. LTD.,SINGAPORE TECHNOLOGIES ENGINEERING LTD,PRIVATE COMPANY LIMITED BY SHARES,Govt & Related Agencies
ST ENGINEERING MISSION SOFTWARE & SERVICES PTE. LTD.,SINGAPORE TECHNOLOGIES ENGINEERING LTD,PRIVATE COMPANY LIMITED BY SHARES,Govt & Related Agencies
SINGAPORE NATIONAL EYE CENTRE PTE LTD,MINISTER FOR FINANCE,PRIVATE COMPANY LIMITED BY SHARES,Govt & Related Agencies
SINGAPORE SWIMMING CLUB,SINGAPORE SWIMMING CLUB,,Govt & Related Agencies
SINGAPORE INSTITUTE OF TECHNOLOGY,MINISTRY OF EDUCATION,PUBLIC COMPANY LIMITED BY GUARANTEE,Govt & Related Agencies
TAN TOCK SENG HOSPITAL PTE LTD,MINISTER FOR FINANCE,PRIVATE COMPANY LIMITED BY SHARES,Govt & Related Agencies
YISHUN COMMUNITY HOSPITAL PTE. LTD.,MINISTER FOR FINANCE,PRIVATE COMPANY LIMITED BY SHARES,Govt & Related Agencies
HEALTH SCIENCES AUTHORITY,HEALTH SCIENCES AUTHORITY,,Govt & Related Agencies
AGENCY FOR INTEGRATED CARE PTE. LTD.,MINISTER FOR FINANCE,PRIVATE COMPANY LIMITED BY SHARES,Govt & Related Agencies
CERTIS CISCO AUXILIARY POLICE FORCE PTE. LTD.,TEMASEK CAPITAL (PRIVATE) LIMITED,PRIVATE COMPANY LIMITED BY SHARES,Govt & Related Agencies
CERTIS TECHNOLOGY (SINGAPORE) PTE. LTD.,TEMASEK CAPITAL (PRIVATE) LIMITED,PRIVATE COMPANY LIMITED BY SHARES,Govt & Related Agencies
SIMPLYGO PTE. LTD.,LAND TRANSPORT AUTHORITY OF SINGAPORE,PRIVATE COMPANY LIMITED BY SHARES,Govt & Related Agencies
ST ENGINEERING ADVANCED MATERIAL ENGINEERING PTE. LTD.,SINGAPORE TECHNOLOGIES ENGINEERING LTD,PRIVATE COMPANY LIMITED BY SHARES,Govt & Related Agencies
MCC ENGINEERING (SINGAPORE) PTE. LTD.,"CENTRAL RESEARCH INSTITUTE OF BUILDING AND CONSTRUCTION CO. LTD., MCC GROUP",PRIVATE COMPANY LIMITED BY SHARES,Govt & Related Agencies
NATIONAL HERITAGE BOARD,NATIONAL HERITAGE BOARD,,Govt & Related Agencies
NATIONAL HEALTHCARE GROUP PTE LTD,MINISTER FOR FINANCE,PRIVATE COMPANY LIMITED BY SHARES,Govt & Related Agencies
CUSCADEN PEAK INVESTMENTS PRIVATE LIMITED,CUSCADEN PEAK PTE. LTD.,PRIVATE COMPANY LIMITED BY SHARES,Govt & Related Agencies
ST ENGINEERING LAND SYSTEMS LTD.,SINGAPORE TECHNOLOGIES ENGINEERING LTD,PUBLIC COMPANY LIMITED BY SHARES,Govt & Related Agencies
NCS COMMUNICATIONS ENGINEERING PTE. LTD.,SINGAPORE TELECOMMUNICATIONS LIMITED,PRIVATE COMPANY LIMITED BY SHARES,Govt & Related Agencies
SINGHEALTH POLYCLINICS,MINISTER FOR FINANCE,SOLE PROPRIETOR,Govt & Related Agencies
SMRT BUSES LTD.,TEMASEK HOLDINGS (PRIVATE) LIMITED,PUBLIC COMPANY LIMITED BY SHARES,Govt & Related Agencies
SP POWERASSETS LIMITED,TEMASEK HOLDINGS (PRIVATE) LIMITED,PUBLIC COMPANY LIMITED BY SHARES,Govt & Related Agencies
STARHUB LTD.,STARHUB LTD.,PUBLIC COMPANY LIMITED BY SHARES,Govt & Related Agencies
SINGHEALTH COMMUNITY HOSPITALS,MINISTRY OF HEALTH,SOLE PROPRIETOR,Govt & Related Agencies
SYNAPXE PTE. LTD.,MINISTER FOR FINANCE,PRIVATE COMPANY LIMITED BY SHARES,Govt & Related Agencies
CERTIS CISCO SECURITY PTE. LTD.,TEMASEK CAPITAL (PRIVATE) LIMITED,PRIVATE COMPANY LIMITED BY SHARES,Govt & Related Agencies
CERTIS CISCO PROTECTION SERVICES PTE. LTD.,TEMASEK CAPITAL (PRIVATE) LIMITED,PRIVATE COMPANY LIMITED BY SHARES,Govt & Related Agencies
ST ENGINEERING CLOUD AND DATA CENTRE SOLUTIONS PTE. LTD.,SINGAPORE TECHNOLOGIES ENGINEERING LTD,PRIVATE COMPANY LIMITED BY SHARES,Govt & Related Agencies
ADMIRALTY MEDICAL CENTRE PTE. LTD.,MINISTER FOR FINANCE,PRIVATE COMPANY LIMITED BY SHARES,Govt & Related Agencies
ST ENGINEERING SYNTHESIS PTE. LTD.,SINGAPORE TECHNOLOGIES ENGINEERING LTD,PRIVATE COMPANY LIMITED BY SHARES,Govt & Related Agencies
SFI MANUFACTURING PRIVATE LIMITED,SATS LTD.,PRIVATE COMPANY LIMITED BY SHARES,Govt & Related Agencies
ST ENGINEERING TRAINING & SIMULATION SYSTEMS PTE. LTD.,SINGAPORE TECHNOLOGIES ENGINEERING LTD,PRIVATE COMPANY LIMITED BY SHARES,Govt & Related Agencies
ST LOGISTICS PTE. LTD.,TOLL INTERNATIONAL INVESTMENTS PTY LIMITED,PRIVATE COMPANY LIMITED BY SHARES,Govt & Related Agencies
ST ENGINEERING MANAGEMENT SERVICES PTE. LTD.,SINGAPORE TECHNOLOGIES ENGINEERING LTD,PRIVATE COMPANY LIMITED BY SHARES,Govt & Related Agencies
ST ENGINEERING LAND MRO & SERVICES PTE. LTD.,SINGAPORE TECHNOLOGIES ENGINEERING LTD,PRIVATE COMPANY LIMITED BY SHARES,Govt & Related Agencies
ST ENGINEERING MOBILITY SERVICES PTE. LTD.,SINGAPORE TECHNOLOGIES ENGINEERING LTD,PRIVATE COMPANY LIMITED BY SHARES,Govt & Related Agencies
NATIONAL NEUROSCIENCE INSTITUTE OF SINGAPORE PTE LTD,MINISTER FOR FINANCE,PRIVATE COMPANY LIMITED BY SHARES,Govt & Related Agencies
MEDIA RESEARCH CONSULTANTS PTE LTD,TEMASEK HOLDINGS (PRIVATE) LIMITED,PRIVATE COMPANY LIMITED BY SHARES,Govt & Related Agencies
TANAH MERAH COUNTRY CLUB,TANAH MERAH COUNTRY CLUB,,Govt & Related Agencies
UNICORN INTERNATIONAL PTE LIMITED,SINGAPORE TECHNOLOGIES ENGINEERING LTD,PRIVATE COMPANY LIMITED BY SHARES,Govt & Related Agencies
STA INSPECTION PTE LTD,SINGAPORE TECHNOLOGIES ENGINEERING LTD,PRIVATE COMPANY LIMITED BY SHARES,Govt & Related Agencies
TAMPINES EAST COMMUNITY CLUB,PEOPLE'S ASSOCIATION,,Govt & Related Agencies
JURONG COMMUNITY HOSPITAL,MINISTER FOR FINANCE,SOLE PROPRIETOR,Govt & Related Agencies
PRIME MINISTER'S OFFICE,PRIME MINISTER'S OFFICE,,Govt & Related Agencies
HOME TEAM SCIENCE AND TECHNOLOGY AGENCY,MINISTRY OF HOME AFFAIRS,PUBLIC LIMITED COMPANY,Govt & Related Agencies
TAMPINES CHANGKAT COMMUNITY CLUB,TAMPINES CHANGKAT COMMUNITY CLUB,,Govt & Related Agencies
TOA PAYOH WEST COMMUNITY CLUB,TOA PAYOH WEST COMMUNITY CLUB,,Govt & Related Agencies
Monetary Authority of Singapore,Monetary Authority of Singapore,,Govt & Related Agencies
A*STAR RESEARCH ENTITIES,A*STAR RESEARCH ENTITIES,PUBLIC COMPANY LIMITED BY GUARANTEE,Govt & Related Agencies
HWA CHONG INTERNATIONAL SCHOOL,HWA CHONG INTERNATIONAL SCHOOL,PUBLIC COMPANY LIMITED BY GUARANTEE,Govt & Related Agencies
CERTIS CISCO AVIATION SECURITY PTE. LTD.,CERTIS CISCO AVIATION SECURITY PTE. LTD.,PRIVATE COMPANY LIMITED BY SHARES,Govt & Related Agencies
"AGENCY FOR SCIENCE, TECHNOLOGY AND RESEARCH","AGENCY FOR SCIENCE, TECHNOLOGY AND RESEARCH",,Govt & Related Agencies
THE MANAGEMENT CORPORATION - STRATA TITLE PLAN NO. 2615,THE MANAGEMENT CORPORATION - STRATA TITLE PLAN NO. 2615,,MCST
THE MANAGEMENT CORPORATION - STRATA TITLE PLAN NO. 3121,THE MANAGEMENT CORPORATION - STRATA TITLE PLAN NO. 3121,,MCST
THE MANAGEMENT CORPORATION - STRATA TITLE PLAN NO. 4141,THE MANAGEMENT CORPORATION - STRATA TITLE PLAN NO. 4141,,MCST
THE MANAGEMENT CORPORATION - STRATA TITLE PLAN NO. 4487,THE MANAGEMENT CORPORATION - STRATA TITLE PLAN NO. 4487,,MCST
THE MANAGEMENT CORPORATION - STRATA TITLE PLAN NO. 4766,THE MANAGEMENT CORPORATION - STRATA TITLE PLAN NO. 4766,,MCST
THE MANAGEMENT CORPORATION - STRATA TITLE PLAN NO. 4679,THE MANAGEMENT CORPORATION - STRATA TITLE PLAN NO. 4679,,MCST
THE MANAGEMENT CORPORATION - STRATA TITLE PLAN NO. 4602,THE MANAGEMENT CORPORATION - STRATA TITLE PLAN NO. 4602,,MCST
THE MANAGEMENT CORPORATION - STRATA TITLE PLAN NO. 2605,THE MANAGEMENT CORPORATION - STRATA TITLE PLAN NO. 2605,,MCST
THE MANAGEMENT CORPORATION - STRATA TITLE PLAN NO. 4758,THE MANAGEMENT CORPORATION - STRATA TITLE PLAN NO. 4758,,MCST
THE MANAGEMENT CORPORATION - STRATA TITLE PLAN NO. 4417,THE MANAGEMENT CORPORATION - STRATA TITLE PLAN NO. 4417,,MCST
THE MANAGEMENT CORPORATION - STRATA TITLE PLAN NO. 2948,THE MANAGEMENT CORPORATION - STRATA TITLE PLAN NO. 2948,,MCST
THE MANAGEMENT CORPORATION - STRATA TITLE PLAN NO. 3482,THE MANAGEMENT CORPORATION - STRATA TITLE PLAN NO. 3482,,MCST
THE MANAGEMENT CORPORATION - STRATA TITLE PLAN NO. 3418,THE MANAGEMENT CORPORATION - STRATA TITLE PLAN NO. 3418,,MCST
THE MANAGEMENT CORPORATION - STRATA TITLE PLAN NO. 4103,THE MANAGEMENT CORPORATION - STRATA TITLE PLAN NO. 4103,,MCST
THE MANAGEMENT CORPORATION - STRATA TITLE PLAN NO. 2592,THE MANAGEMENT CORPORATION - STRATA TITLE PLAN NO. 2592,,MCST
THE MANAGEMENT CORPORATION - STRATA TITLE PLAN NO. 485,THE MANAGEMENT CORPORATION - STRATA TITLE PLAN NO. 485,,MCST
THE MANAGEMENT CORPORATION - STRATA TITLE PLAN NO. 4625,THE MANAGEMENT CORPORATION - STRATA TITLE PLAN NO. 4625,,MCST
THE MANAGEMENT CORPORATION - STRATA TITLE PLAN NO. 4497,THE MANAGEMENT CORPORATION - STRATA TITLE PLAN NO. 4497,,MCST
THE MANAGEMENT CORPORATION - STRATA TITLE PLAN NO. 3302,THE MANAGEMENT CORPORATION - STRATA TITLE PLAN NO. 3302,,MCST
THE MANAGEMENT CORPORATION - STRATA TITLE PLAN NO. 4099,THE MANAGEMENT CORPORATION - STRATA TITLE PLAN NO. 4099,,MCST
THE MANAGEMENT CORPORATION - STRATA TITLE PLAN NO. 0224,THE MANAGEMENT CORPORATION - STRATA TITLE PLAN NO. 0224,,MCST
THE MANAGEMENT CORPORATION - STRATA TITLE PLAN NO. 3347,THE MANAGEMENT CORPORATION - STRATA TITLE PLAN NO. 3347,,MCST
THE MANAGEMENT CORPORATION - STRATA TITLE PLAN NO. 3656,THE MANAGEMENT CORPORATION - STRATA TITLE PLAN NO. 3656,,MCST
THE MANAGEMENT CORPORATION - STRATA TITLE PLAN NO. 3454,THE MANAGEMENT CORPORATION - STRATA TITLE PLAN NO. 3454,,MCST
THE MANAGEMENT CORPORATION - STRATA TITLE PLAN NO. 3130,THE MANAGEMENT CORPORATION - STRATA TITLE PLAN NO. 3130,,MCST
THE MANAGEMENT CORPORATION - STRATA TITLE PLAN NO. 3322,THE MANAGEMENT CORPORATION - STRATA TITLE PLAN NO. 3322,,MCST
THE MANAGEMENT CORPORATION - STRATA TITLE PLAN NO. 4366,THE MANAGEMENT CORPORATION - STRATA TITLE PLAN NO. 4366,,MCST
THE MANAGEMENT CORPORATION - STRATA TITLE PLAN NO. 3880,THE MANAGEMENT CORPORATION - STRATA TITLE PLAN NO. 3880,,MCST
THE MANAGEMENT CORPORATION - STRATA TITLE PLAN NO. 2230,THE MANAGEMENT CORPORATION - STRATA TITLE PLAN NO. 2230,,MCST
THE MANAGEMENT CORPORATION - STRATA TITLE PLAN NO. 4567,THE MANAGEMENT CORPORATION - STRATA TITLE PLAN NO. 4567,,MCST
THE MANAGEMENT CORPORATION - STRATA TITLE PLAN NO 3037,THE MANAGEMENT CORPORATION - STRATA TITLE PLAN NO 3037,,MCST
THE MANAGEMENT CORPORATION - STRATA TITLE PLAN NO. 2937,THE MANAGEMENT CORPORATION - STRATA TITLE PLAN NO. 2937,,MCST
THE MANAGEMENT CORPORATION - STRATA TITLE PLAN NO. 4309,THE MANAGEMENT CORPORATION - STRATA TITLE PLAN NO. 4309,,MCST
THE MANAGEMENT CORPORATION - STRATA TITLE PLAN NO. 2298,THE MANAGEMENT CORPORATION - STRATA TITLE PLAN NO. 2298,,MCST
THE MANAGEMENT CORPORATION - STRATA TITLE PLAN NO. 3245,THE MANAGEMENT CORPORATION - STRATA TITLE PLAN NO. 3245,,MCST
THE MANAGEMENT CORPORATION - STRATA TITLE PLAN NO. 1440,THE MANAGEMENT CORPORATION - STRATA TITLE PLAN NO. 1440,,MCST
THE MANAGEMENT CORPORATION - STRATA TITLE PLAN NO. 4896,THE MANAGEMENT CORPORATION - STRATA TITLE PLAN NO. 4896,,MCST
SEATRIUM ENERGY (AMERICAS) PTE. LTD.,SEATRIUM LIMITED,PRIVATE COMPANY LIMITED BY SHARES,Mid-Sized
AIR MAURITIUS LTD,AIR MAURITIUS LTD,PUBLIC LIMITED COMPANY,Mid-Sized
ASIAPAC TECHNOLOGY PTE. LTD.,AP TECH HOLDING PRIVATE LIMITED,PRIVATE COMPANY LIMITED BY SHARES,Mid-Sized
CATHAY PACIFIC AIRWAYS LTD,CATHAY PACIFIC AIRWAYS LTD,PUBLIC LIMITED COMPANY,Mid-Sized
CHINA AIRLINES LTD,CHINA AIRLINES LTD,PUBLIC LIMITED COMPANY,Mid-Sized
CITYCAB PTE LTD,COMFORTDELGRO CORPORATION LIMITED,PRIVATE LIMITED,Mid-Sized
C M M MARKETING MANAGEMENT PTE LTD,SHENG SIONG GROUP LTD.,PRIVATE COMPANY LIMITED BY SHARES,Mid-Sized
CRESTAR EDUCATION GROUP PTE. LTD.,CRESTAR EDUCATION GROUP PTE. LTD.,PRIVATE LIMITED,Mid-Sized
CTRM AERO COMPOSITES SDN BHD,CTRM AERO COMPOSITES SDN BHD,PRIVATE LIMITED,Mid-Sized
EMIRATES LLC,EMIRATES LLC,,Mid-Sized
SEATRIUM NEW ENERGY LIMITED,SEATRIUM LIMITED,PUBLIC COMPANY LIMITED BY SHARES,Mid-Sized
KEPPEL SEGHERS ENGINEERING SINGAPORE PTE. LTD.,KEPPEL LTD.,PRIVATE COMPANY LIMITED BY SHARES,Mid-Sized
COMFORT TRANSPORTATION PTE LTD,COMFORTDELGRO CORPORATION LIMITED,PRIVATE LIMITED,Mid-Sized
OVERSEA-CHINESE BANKING CORPORATION LIMITED,OVERSEA-CHINESE BANKING CORPORATION LIMITED,PUBLIC COMPANY LIMITED BY SHARES,Mid-Sized
PCI PRIVATE LIMITED,2863862 ONTARIO INC.,PRIVATE COMPANY LIMITED BY SHARES,Mid-Sized
C&W SERVICES (S) PTE. LTD.,DTZ WORLDWIDE LIMITED,PRIVATE COMPANY LIMITED BY SHARES,Mid-Sized
GOODRICH AEROSTRUCTURES SERVICE CENTER - ASIA PTE. LTD.,CEESAIL LIMITED,PRIVATE COMPANY LIMITED BY SHARES,Mid-Sized
SANKYU (SINGAPORE) PTE LTD,SANKYU INC.,PRIVATE COMPANY LIMITED BY SHARES,Mid-Sized
SEATRIUM (SG) PTE. LTD.,SEATRIUM LIMITED,PRIVATE COMPANY LIMITED BY SHARES,Mid-Sized
SHENG SIONG SUPERMARKET PTE LTD,SHENG SIONG GROUP LTD.,PRIVATE COMPANY LIMITED BY SHARES,Mid-Sized
SHENG SIONG 1 STATION MARKET,SHENG SIONG GROUP LTD.,PARTNERSHIP,Mid-Sized
SINGAPORE POST LIMITED,SINGAPORE POST LIMITED,PUBLIC COMPANY LIMITED BY SHARES,Mid-Sized
THOMSON MEDICAL PTE. LTD.,THOMSON MEDICAL GROUP LIMITED,PRIVATE COMPANY LIMITED BY SHARES,Mid-Sized
MOUNT ALVERNIA HOSPITAL,MOUNT ALVERNIA HOSPITAL,SOLE PROPRIETOR,Mid-Sized
ZEON CHEMICALS SINGAPORE PTE. LTD.,ZEON CORPORATION,PRIVATE COMPANY LIMITED BY SHARES,Mid-Sized
Frontier Integrated Technology Pte Ltd,Frontier Integrated Technology Pte Ltd,,Mid-Sized
CYCLE & CARRIAGE INDUSTRIES PTE. LIMITED,JARDINE CYCLE & CARRIAGE LIMITED,PRIVATE COMPANY LIMITED BY SHARES,Mid-Sized
DELIFRANCE SINGAPORE PTE. LTD.,SUPERFOOD RETAIL LIMITED,PRIVATE COMPANY LIMITED BY SHARES,Mid-Sized
HANWHA OFFSHORE ENGINEERING SERVICES SINGAPORE PTE. LTD.,HANWHA OCEAN SG HOLDINGS PTE. LTD.,PRIVATE COMPANY LIMITED BY SHARES,Mid-Sized
FUJITSU ASIA PTE LTD,FUJITSU LIMITED,PRIVATE COMPANY LIMITED BY SHARES,Mid-Sized
GUTHRIE ENGINEERING (S) PTE LTD,EVER GLORY UNITED HOLDINGS LIMITED,PRIVATE COMPANY LIMITED BY SHARES,Mid-Sized
JONES LANG LASALLE PROPERTY CONSULTANTS PTE LTD,JONES LANG LASALLE ASIA HOLDINGS LIMITED,PRIVATE COMPANY LIMITED BY SHARES,Mid-Sized
JOHNSON CONTROLS (S) PTE. LTD.,JOHNSON CONTROLS HONG KONG LTD.,PRIVATE COMPANY LIMITED BY SHARES,Mid-Sized
NATSTEEL HOLDINGS PTE. LTD.,TOPTIP HOLDING PTE. LTD.,PRIVATE COMPANY LIMITED BY SHARES,Mid-Sized
PICO ART INTERNATIONAL PTE. LTD.,TINSEL LIMITED,PRIVATE COMPANY LIMITED BY SHARES,Mid-Sized
SBS TRANSIT LTD,COMFORTDELGRO CORPORATION LIMITED,PUBLIC COMPANY LIMITED BY SHARES,Mid-Sized
SMRT CORPORATION LTD,TEMASEK HOLDINGS (PRIVATE) LIMITED,PUBLIC COMPANY LIMITED BY SHARES,Mid-Sized
FARRER PARK HOSPITAL PTE. LTD.,THE FARRER PARK COMPANY PTE. LTD.,PRIVATE COMPANY LIMITED BY SHARES,Mid-Sized
GOODWOOD PARK HOTEL PRIVATE LIMITED,HOTEL HOLDINGS (PRIVATE) LIMITED,PRIVATE COMPANY LIMITED BY SHARES,Mid-Sized
PERFORMANCE LABS PTE. LTD.,U GROUP LIMITED,PRIVATE COMPANY LIMITED BY SHARES,Mid-Sized
CHINA CONSTRUCTION (SOUTH PACIFIC) DEVELOPMENT CO. PTE. LTD.,CHINA STATE CONSTRUCTION ENGINEERING CORPORATION LIMITED,PRIVATE COMPANY LIMITED BY SHARES,Mid-Sized
RESORTS WORLD AT SENTOSA PTE. LTD.,GENTING SINGAPORE LIMITED,PRIVATE COMPANY LIMITED BY SHARES,Mid-Sized
FLOWSERVE PTE LTD,FLOWSERVE GLOBAL NETHERLANDS HOLDING B.V.,PRIVATE COMPANY LIMITED BY SHARES,Mid-Sized
EPSON SINGAPORE PTE LTD,SEIKO EPSON CORPORATION,PRIVATE COMPANY LIMITED BY SHARES,Mid-Sized
SPH MEDIA LIMITED,SPH MEDIA TRUST,PUBLIC COMPANY LIMITED BY SHARES,Mid-Sized
JOHNSON & JOHNSON PTE. LTD.,JNTL (APAC) HOLDCO LLC,PRIVATE COMPANY LIMITED BY SHARES,Mid-Sized
SINGAPORE MEDICAL GROUP LIMITED,TLW SUCCESS LTD.,PUBLIC COMPANY LIMITED BY SHARES,Mid-Sized
ACCENTURE PTE LTD,ACCENTURE INTERNATIONAL B.V.,PRIVATE COMPANY LIMITED BY SHARES,Mid-Sized
RICH CONSTRUCTION COMPANY PTE. LTD.,CHINA STATE CONSTRUCTION ENGINEERING CORPORATION LIMITED,PRIVATE COMPANY LIMITED BY SHARES,Mid-Sized
TOMLINSON HOTEL PTE. LTD.,RICHMOND HOTEL PTE LTD,PRIVATE COMPANY LIMITED BY SHARES,Mid-Sized
Marina Bay Sands PTE. LTD.,"LVS (NEVADA) INTERNATIONAL HOLDINGS, INC.",PRIVATE COMPANY LIMITED BY SHARES,Mid-Sized
NINJA LOGISTICS PTE. LTD.,NINJA CLAN LIMITED,PRIVATE COMPANY LIMITED BY SHARES,Mid-Sized
SOUTH BEACH CONSORTIUM PTE. LTD.,SCOTTSDALE PROPERTIES PTE. LTD.,PRIVATE COMPANY LIMITED BY SHARES,Mid-Sized
PARKROYAL PICKERING HOTEL PTE. LTD.,UOL GROUP LIMITED,PRIVATE COMPANY LIMITED BY SHARES,Mid-Sized
UOL CLAYMORE INVESTMENT PTE. LTD.,UOL GROUP LIMITED,PRIVATE COMPANY LIMITED BY SHARES,Mid-Sized
MARINA BAY HOTEL PRIVATE LIMITED,MARINA BAY HOTEL PRIVATE LIMITED,PRIVATE COMPANY LIMITED BY SHARES,Mid-Sized
EMERSON ASIA PACIFIC PRIVATE LIMITED,ROSEMOUNT INC,PRIVATE COMPANY LIMITED BY SHARES,Mid-Sized
OVIVO SINGAPORE PTE. LTD.,OVIVO INC.,PRIVATE COMPANY LIMITED BY SHARES,Mid-Sized
AVA GLOBAL PTE. LTD.,AVA GLOBAL HOLDINGS PTE. LTD.,PRIVATE COMPANY LIMITED BY SHARES,Mid-Sized
OCBC SQUARE PRIVATE LIMITED,OVERSEA-CHINESE BANKING CORPORATION LIMITED,PRIVATE COMPANY LIMITED BY SHARES,Mid-Sized
TEEKAY SHIPPING (AUSTRALIA) PTY LTD,TEEKAY SHIPPING (AUSTRALIA) PTY LTD,,Mid-Sized
HPL PROPERTIES PTE LTD,HOTEL PROPERTIES LIMITED,PRIVATE COMPANY LIMITED BY SHARES,Mid-Sized
SEATRIUM MARINE SERVICES PTE. LTD.,SEATRIUM LIMITED,PRIVATE COMPANY LIMITED BY SHARES,Mid-Sized
CHYE THIAM MAINTENANCE PTE LTD,CHYE THIAM EQUITIES PTE. LTD.,PRIVATE COMPANY LIMITED BY SHARES,Mid-Sized
CORA ENVIRONMENT PTE. LTD.,SEMBCORP INDUSTRIES LTD,PRIVATE COMPANY LIMITED BY SHARES,Mid-Sized
AQUAMARINA HOTEL PRIVATE LIMITED,MARINA CENTRE HOLDINGS PRIVATE LIMITED,PRIVATE COMPANY LIMITED BY SHARES,Mid-Sized
KANDENKO CO LTD,KANDENKO CO LTD,FOREIGN COMPANY REGISTERED IN SINGAPORE,Mid-Sized
NTUC FIRST CAMPUS LIMITED,NTUC FIRST CAMPUS LIMITED,PUBLIC COMPANY LIMITED BY GUARANTEE,Mid-Sized
CERTIS CISCO MANPOWER PTE. LTD.,TEMASEK CAPITAL (PRIVATE) LIMITED,PRIVATE COMPANY LIMITED BY SHARES,Mid-Sized
TOLL OFFSHORE PETROLEUM SERVICES PTE. LTD.,TOLL INTERNATIONAL INVESTMENTS PTY LIMITED,PRIVATE COMPANY LIMITED BY SHARES,Mid-Sized
Ceva Logistics Solutions Singapore PTE. LTD.,CEVA AIR & OCEAN INTERNATIONAL SE,PRIVATE COMPANY LIMITED BY SHARES,Mid-Sized
SINCERE WATCH LIMITED.,CORTINA HOLDINGS LIMITED,PUBLIC COMPANY LIMITED BY SHARES,Mid-Sized
KEPPEL SEGHERS PTE. LTD.,KEPPEL LTD.,PRIVATE COMPANY LIMITED BY SHARES,Mid-Sized
NTUC MY FIRST SKOOL LIMITED,NTUC MY FIRST SKOOL LIMITED,PUBLIC COMPANY LIMITED BY GUARANTEE,Mid-Sized
SHANGHAI TUNNEL ENGINEERING CO (SINGAPORE) PTE LTD,SHANGHAI TUNNEL ENGINEERING CO LTD,EXEMPT PRIVATE COMPANY LIMITED BY SHARES,Mid-Sized
GRANMIL HOLDINGS PTE LTD,GRANMIL HOLDINGS PTE LTD,PRIVATE COMPANY LIMITED BY SHARES,Mid-Sized
77R INVESTMENTS PTE. LTD.,ARCH INVESTMENT LTD,PRIVATE COMPANY LIMITED BY SHARES,Mid-Sized
FMC TECHNOLOGIES SINGAPORE PTE LTD,FMC TECHNOLOGIES SINGAPORE PTE LTD,PRIVATE LIMITED,MNC
ANGLO AMERICAN MARKETING LIMITED Singapore Branch,ANGLO AMERICAN MARKETING LIMITED Singapore Branch,FOREIGN COMPANY REGISTERED IN SINGAPORE,MNC
CHUBB ASIA PACIFIC PTE. LTD. (F.K.A. ACE ASIA PACIFIC SERVIC,CHUBB ASIA PACIFIC PTE. LTD. (F.K.A. ACE ASIA PACIFIC SERVIC,PRIVATE LIMITED,MNC
JET AVIATION (ASIA PACIFIC) PTE LTD,JET AVIATION HOLDING GMBH,PRIVATE COMPANY LIMITED BY SHARES,MNC
"GE AVIATION, ENGINE SERVICES - SINGAPORE PTE. LTD.","GEAE TECHNOLOGY, INC.",PRIVATE COMPANY LIMITED BY SHARES,MNC
PANASONIC ASIA PACIFIC PTE. LTD.,PANASONIC ASIA PACIFIC PTE. LTD.,PRIVATE LIMITED,MNC
HSBC INSTITUTIONAL TRUST SERVICES (SINGAPORE) LIMITED,THE HONGKONG AND SHANGHAI BANKING CORPORATION LIMITED,PUBLIC COMPANY LIMITED BY SHARES,MNC
BRC ASIA LIMITED,BRC ASIA LIMITED,PRIVATE LIMITED,MNC
GLOBALFOUNDRIES SINGAPORE PTE. LTD.,GLOBALFOUNDRIES INC.,PRIVATE COMPANY LIMITED BY SHARES,MNC
COLD STORAGE SINGAPORE (1983) PTE LTD,Macrovalue Six Sdn. Bhd.,PRIVATE COMPANY LIMITED BY SHARES,MNC
JABIL CIRCUIT (SINGAPORE) PTE. LTD.,JABIL INC. (IN ITS CAPACITY AS THE GENERAL PARTNER OF JABIL CIRCUIT CAYMAN LP),PRIVATE COMPANY LIMITED BY SHARES,MNC
SAFRAN LANDING SYSTEMS SERVICES SINGAPORE PTE. LTD.,SAFRAN LANDING SYSTEMS,PRIVATE COMPANY LIMITED BY SHARES,MNC
EVONIK (SEA) PTE. LTD.,EVONIK (SEA) PTE. LTD.,PRIVATE LIMITED,MNC
GIVAUDAN INTERNATIONAL SA,GIVAUDAN INTERNATIONAL SA,PRIVATE LIMITED,MNC
GOODYEAR ORIENT COMPANY (PRIVATE) LIMITED,THE GOODYEAR TIRE & RUBBER COMPANY,PRIVATE COMPANY LIMITED BY SHARES,MNC
GOODPACK IBC (SINGAPORE) PTE. LTD.,GOODPACK IBC (SINGAPORE) PTE. LTD.,PRIVATE LIMITED,MNC
LF LOGISTICS SERVICES PTE. LTD.,MAERSK CONTRACT LOGISTICS MANAGEMENT (ASIA) LIMITED,PRIVATE COMPANY LIMITED BY SHARES,MNC
INFOSYS CONSULTING PTE. LTD.,INFOSYS CONSULTING PTE. LTD.,PRIVATE LIMITED,MNC
JURONG ENGINEERING LIMITED,IHI CORPORATION,PUBLIC COMPANY LIMITED BY SHARES,MNC
KNIGHT FRANK PROPERTY & FACILITIES MANAGEMENT PTE. LTD.,KNIGHT FRANK PTE LTD,PRIVATE COMPANY LIMITED BY SHARES,MNC
KONICA MINOLTA BUSINESS SOLUTIONS ASIA PTE. LTD.,"KONICA MINOLTA, INC.",PRIVATE COMPANY LIMITED BY SHARES,MNC
MALAYSIA AIRLINES BERHAD,MALAYSIA AIRLINES BERHAD,PUBLIC LIMITED COMPANY,MNC
MIMS PTE. LTD. (F.K.A.MEDIMEDIA ASIA PTE LTD),MIMS PTE. LTD. (F.K.A.MEDIMEDIA ASIA PTE LTD),PRIVATE LIMITED,MNC
MICRON SEMICONDUCTOR ASIA PTE. LTD.,"MICRON SEMICONDUCTOR ASIA, LLC",PRIVATE COMPANY LIMITED BY SHARES,MNC
MIKRON SINGAPORE PTE. LTD.,MIKRON HOLDING AG,PRIVATE COMPANY LIMITED BY SHARES,MNC
MSIG HOLDINGS (ASIA) PTE. LTD.,MSIG HOLDINGS (ASIA) PTE. LTD.,PRIVATE LIMITED,MNC
ROLLS-ROYCE SOLUTIONS ASIA PTE. LTD.,Rolls-Royce Holdings plc,PRIVATE COMPANY LIMITED BY SHARES,MNC
FLEXTRONICS MANUFACTURING (SINGAPORE) PTE. LTD.,FLEXTRONICS PUERTO RICO LIMITED,PRIVATE COMPANY LIMITED BY SHARES,MNC
NIKE GLOBAL TRADING PTE. LTD.,NIKE GLOBAL TRADING PTE. LTD.,PRIVATE LIMITED,MNC
NIKE GLOBAL TRADING B.V. SINGAPORE BRANCH,NIKE GLOBAL TRADING B.V. SINGAPORE BRANCH,,MNC
ORICA INTERNATIONAL PTE. LTD.,ORICA INVESTMENTS PTY LTD,PRIVATE COMPANY LIMITED BY SHARES,MNC
PARKWAY HOSPITALS SINGAPORE PTE. LTD.,INTEGRATED HEALTHCARE HOLDINGS LIMITED,PRIVATE COMPANY LIMITED BY SHARES,MNC
EASTSPRING INVESTMENTS (SINGAPORE) LIMITED,EASTSPRING INVESTMENTS (SINGAPORE) LIMITED,PUBLIC LIMITED COMPANY,MNC
RAFFLES HOSPITAL PTE LTD,RAFFLES MEDICAL GROUP LTD,PRIVATE COMPANY LIMITED BY SHARES,MNC
MSD INTERNATIONAL GMBH (Singapore Branch),MSD INTERNATIONAL GMBH (Singapore Branch),FOREIGN COMPANY REGISTERED IN SINGAPORE,MNC
SHELL SINGAPORE PTE. LTD.,SHELL PETROLEUM B.V.,PRIVATE COMPANY LIMITED BY SHARES,MNC
SHIMANO (SINGAPORE) PRIVATE LIMITED,SHIMANO INC,PRIVATE COMPANY LIMITED BY SHARES,MNC
SATS LTD.,SATS LTD.,PUBLIC COMPANY LIMITED BY SHARES,MNC
STANDARD CHARTERED BANK,STANDARD CHARTERED BANK,,MNC
SYNGENTA CROP PROTECTION AG,SYNGENTA CROP PROTECTION AG,PRIVATE LIMITED,MNC
UNITED OVERSEAS BANK LIMITED,UNITED OVERSEAS BANK LIMITED,PUBLIC COMPANY LIMITED BY SHARES,MNC
ZUELLIG PHARMA ASIA PACIFIC LTD. PHILS. ROHQ,ZUELLIG PHARMA ASIA PACIFIC LTD. PHILS. ROHQ,PRIVATE LIMITED,MNC
"LUFTHANSA TECHNIK PHILIPPINES, INC.","LUFTHANSA TECHNIK PHILIPPINES, INC.",,MNC
QATAR AIRWAYS Q.C.S.C,QATAR AIRWAYS Q.C.S.C,,MNC
RIO TINTO COMMERCIAL PTE. LTD.,RIO TINTO INTERNATIONAL HOLDINGS LIMITED,PRIVATE COMPANY LIMITED BY SHARES,MNC
CTC GLOBAL PTE. LTD.,ITOCHU-TECHNO SOLUTIONS CORPORATION,PRIVATE COMPANY LIMITED BY SHARES,MNC
DHL EXPRESS (SINGAPORE) PTE. LTD.,DEUTSCHE POST BETEILIGUNGEN HOLDING GMBH,PRIVATE COMPANY LIMITED BY SHARES,MNC
IBM SINGAPORE PTE LTD,"IBM SINGAPORE HOLDINGS I, LLC",PRIVATE COMPANY LIMITED BY SHARES,MNC
SEAGATE SINGAPORE INTERNATIONAL HEADQUARTERS PTE. LTD.,SEAGATE TECHNOLOGY INTERNATIONAL,PRIVATE COMPANY LIMITED BY SHARES,MNC
AIR LIQUIDE SINGAPORE PRIVATE LIMITED,SOCIETE D'OXYGENE ET D'ACETYLENE D'EXTREME-ORIENT,PRIVATE COMPANY LIMITED BY SHARES,MNC
KPMG SERVICES PTE. LTD.,KPMG LLP,PRIVATE COMPANY LIMITED BY SHARES,MNC
MICRON SEMICONDUCTOR ASIA OPERATIONS PTE. LTD.,"MICRON SEMICONDUCTOR ASIA, LLC",PRIVATE COMPANY LIMITED BY SHARES,MNC
OLYMPUS SINGAPORE PTE. LTD.,OLYMPUS CORPORATION OF ASIA PACIFIC LIMITED,PRIVATE COMPANY LIMITED BY SHARES,MNC
FLEXTRONICS SHAH ALAM SDN. BHD.,FLEX LTD.,PRIVATE LIMITED,MNC
DOCTOR ANYWHERE PTE. LTD.,DOCTOR ANYWHERE PTE. LTD.,PRIVATE COMPANY LIMITED BY SHARES,MNC
IKANO PTE LTD,IKANO SA,PRIVATE COMPANY LIMITED BY SHARES,MNC
SHISEIDO ASIA PACIFIC PTE. LTD.,"SHISEIDO COMPANY, LIMITED",PRIVATE COMPANY LIMITED BY SHARES,MNC
SAMSUNG SDS ASIA PACIFIC PTE. LTD.,"SAMSUNG SDS CO., LTD",PRIVATE COMPANY LIMITED BY SHARES,MNC
SOCIETE DES MATIERES PREMIERES TROPICALES PTE LTD,COMPAGNIE FINANCIERE MICHELIN,PRIVATE COMPANY LIMITED BY SHARES,MNC
Boskalis Philippines Inc,Royal Boskalis Westminster N.V,,MNC
TOTALENERGIES MARKETING ASIA-PACIFIC MIDDLE EAST PTE. LTD.,TOTALENERGIES MARKETING HOLDINGS ASIA,PRIVATE COMPANY LIMITED BY SHARES,MNC
General Electric Global Services GmbH Switzerland,GENERAL ELECTRIC COMPANY,,MNC
FIELDCORE SERVICE SOLUTIONS INTERNATIONAL LLC,GENERAL ELECTRIC COMPANY,FOREIGN COMPANY REGISTERED IN SINGAPORE,MNC
KLN LOGISTICS CENTRE (TAMPINES) PTE. LTD.,KERRY LOGISTICS SERVICES (ASIA) LIMITED,PRIVATE COMPANY LIMITED BY SHARES,MNC
"SCHLUMBERGER OILFIELD EQUIPMENT (SHANGHAI) CO.,LTD.","SCHLUMBERGER OILFIELD EQUIPMENT (SHANGHAI) CO.,LTD.",,MNC
VISY SINGAPORE HEADQUARTERS PTE. LTD.,PRATT HOLDINGS PTY LTD,PRIVATE COMPANY LIMITED BY SHARES,MNC
TRACX LOGIS PTE. LTD.,TRACX LOGIS PTE. LTD.,PRIVATE COMPANY LIMITED BY SHARES,MNC
EXCELITAS TECHNOLOGIES SINGAPORE PTE. LTD.,EXCELITAS TECHNOLOGIES HOLDING 2 B.V.,PRIVATE COMPANY LIMITED BY SHARES,MNC
MURATA ELECTRONICS SINGAPORE (PTE) LTD,MURATA MANUFACTURING CO. LTD.,PRIVATE COMPANY LIMITED BY SHARES,MNC
W SINGAPORE SENTOSA COVE HOTEL,W SINGAPORE SENTOSA COVE HOTEL,SOLE PROPRIETOR,SME
MOHAMED MUSTAFA & SAMSUDDIN CO. PTE LTD,MUSTAQ CAPITAL PTE. LTD.,PRIVATE COMPANY LIMITED BY SHARES,SME
MUSIC TRIBE SERVICES SG PTE. LTD.,MUSIC TRIBE SERVICES SG PTE. LTD.,PRIVATE LIMITED,SME
ANSLEM LOGISTICS PTE. LTD.,ANSLEM LOGISTICS PTE. LTD.,EXEMPT PRIVATE COMPANY LIMITED BY SHARES,SME
HOLCAM CONSTRUCTION PTE LTD,HOLCAM CONSTRUCTION PTE LTD,EXEMPT PRIVATE COMPANY LIMITED BY SHARES,SME
EMERSON AUTOMATION SOLUTIONS FINAL CONTROL SINGAPORE PTE. LTD.,ROSEMOUNT INC,PRIVATE COMPANY LIMITED BY SHARES,SME
KOCH BUSINESS SOLUTIONS - ASIA PACIFIC PTE. LTD.,KOCH BUSINESS SOLUTIONS - ASIA PACIFIC PTE. LTD.,PRIVATE LIMITED,SME
KODAKIT (SINGAPORE) PTE. LTD.,KODAKIT (SINGAPORE) PTE. LTD.,,SME
MINISO SG PTE. LTD.,MINISO SG PTE. LTD.,PRIVATE LIMITED,SME
NETWORK FOR ELECTRONIC TRANSFERS (SINGAPORE) PTE LTD,NETWORK FOR ELECTRONIC TRANSFERS (SINGAPORE) PTE LTD,PRIVATE LIMITED,SME
PACMAR SHIPPING PTE LTD,PACMAR SHIPPING PTE LTD,EXEMPT PRIVATE COMPANY LIMITED BY SHARES,SME
RADIO HOLLAND SINGAPORE PTE. LTD.,RADIO HOLLAND GROUP B.V.,PRIVATE COMPANY LIMITED BY SHARES,SME
TETRA PAK SOUTH EAST ASIA PTE LTD,PICEA ANSTALT,PRIVATE COMPANY LIMITED BY SHARES,SME
PSGOURMET PTE. LTD.,SUN VENTURE PE LTD,PRIVATE COMPANY LIMITED BY SHARES,SME
PRELIM CONSTRUCTION PTE LTD,PRELIM CONSTRUCTION PTE LTD,EXEMPT PRIVATE COMPANY LIMITED BY SHARES,SME
CRESCENDAS BIONICS PTE. LTD.,SINGAPORE CAPITAL INCORPORATION PTE. LTD.,PRIVATE COMPANY LIMITED BY SHARES,SME
EXPAND CONSTRUCTION PTE LTD,EXPAND CONSTRUCTION PTE LTD,EXEMPT PRIVATE COMPANY LIMITED BY SHARES,SME
KTC CIVIL ENGINEERING & CONSTRUCTION PTE LTD,KTC CIVIL ENGINEERING & CONSTRUCTION PTE LTD,EXEMPT PRIVATE COMPANY LIMITED BY SHARES,SME
"KURIHARA KOGYO CO., LTD.","KURIHARA KOGYO CO., LTD.",FOREIGN COMPANY REGISTERED IN SINGAPORE,SME
MOVA AUTOMOTIVE PTE LTD,MOVA AUTOMOTIVE PTE LTD,EXEMPT PRIVATE COMPANY LIMITED BY SHARES,SME
SOON POH TELECOMMUNICATIONS PTE LTD,SOON POH TELECOMMUNICATIONS PTE LTD,EXEMPT PRIVATE COMPANY LIMITED BY SHARES,SME
YOONG SHEN ELECTRICAL PTE. LTD.,YOONG SHEN ELECTRICAL PTE. LTD.,EXEMPT PRIVATE COMPANY LIMITED BY SHARES,SME
INTERNATIONAL FLAVOURS & FRAGRANCES (GREATER ASIA) PTE LTD,INTERNATIONAL FLAVOURS & FRAGRANCES (GREATER ASIA) PTE LTD,,SME
ENG HUP SHIPPING PTE LTD,ENG HUP SHIPPING PTE LTD,EXEMPT PRIVATE COMPANY LIMITED BY SHARES,SME
TRYUMP TRADING PTE. LTD.,TRYUMP TRADING PTE. LTD.,EXEMPT PRIVATE COMPANY LIMITED BY SHARES,SME
SINGAPORE HOSPITALITY GROUP PTE. LTD.,RIVERVIEW TANDOOR PTE. LTD.,EXEMPT PRIVATE COMPANY LIMITED BY SHARES,SME
ACME ASSOCIATES PTE. LTD.,ACME ASSOCIATES PTE. LTD.,EXEMPT PRIVATE COMPANY LIMITED BY SHARES,SME
REN CI HOSPITAL,REN CI HOSPITAL,PUBLIC COMPANY LIMITED BY GUARANTEE,SME
ANG MO KIO - THYE HUA KWAN HOSPITAL LTD.,ANG MO KIO - THYE HUA KWAN HOSPITAL LTD.,PUBLIC COMPANY LIMITED BY GUARANTEE,SME
YEW SENG HENG ENGINEERING PTE LTD,YEW SENG HENG GROUP PTE. LTD.,EXEMPT PRIVATE COMPANY LIMITED BY SHARES,SME
PURETECH ENGINEERING PTE LTD,PURETECH ENGINEERING PTE LTD,EXEMPT PRIVATE COMPANY LIMITED BY SHARES,SME
TCG CONSTRUCTION PTE. LTD.,KETI HOLDINGS PTE. LTD.,PRIVATE COMPANY LIMITED BY SHARES,SME
SINGAPORE PRECISION WELDING PTE. LTD.,METASURFACE TECHNOLOGIES HOLDINGS LIMITED,PRIVATE COMPANY LIMITED BY SHARES,SME
WEIMA BUILDERS PTE. LTD.,WEIMA BUILDERS PTE. LTD.,EXEMPT PRIVATE COMPANY LIMITED BY SHARES,SME
SENNEX CONSULTANTS PTE. LTD.,SENNEX CONSULTANTS PTE. LTD.,EXEMPT PRIVATE COMPANY LIMITED BY SHARES,SME
THE GOVT PRIVATE LIMITED,THE B3TTERMENT GROUP PTE. LTD.,PRIVATE COMPANY LIMITED BY SHARES,SME
THE MANAGEMENT CORPORATION - STRATA TITLE PLAN NO. 3271,THE MANAGEMENT CORPORATION - STRATA TITLE PLAN NO. 3271,,SME
CRYSTAL OFFSHORE PTE. LTD.,CRYSTAL OFFSHORE PTE. LTD.,EXEMPT PRIVATE COMPANY LIMITED BY SHARES,SME
CUSCADEN PROPERTIES PTE LTD,ALLGREEN PROPERTIES LIMITED,PRIVATE COMPANY LIMITED BY SHARES,SME
THE MANAGEMENT CORPORATION - STRATA TITLE PLAN NO. 4838,THE MANAGEMENT CORPORATION - STRATA TITLE PLAN NO. 4838,,SME
THE MANAGEMENT CORPORATION - STRATA TITLE PLAN NO. 1883,THE MANAGEMENT CORPORATION - STRATA TITLE PLAN NO. 1883,,SME
ELE-GANS FACILITY SERVICES PTE. LTD.,ELE-GANS FACILITY SERVICES PTE. LTD.,EXEMPT PRIVATE COMPANY LIMITED BY SHARES,SME
CYCLECT FACILITIES MANAGEMENT PTE. LTD.,AMGT PTE. LTD.,PRIVATE COMPANY LIMITED BY SHARES,SME
WEST CO'Z CAFE PTE. LTD.,WEST CO'Z CAFE PTE. LTD.,EXEMPT PRIVATE COMPANY LIMITED BY SHARES,SME
XIN YUAN JI PTE. LTD.,XIN YUAN JI PTE. LTD.,EXEMPT PRIVATE COMPANY LIMITED BY SHARES,SME
BUGIS XIN YUAN JI PTE. LTD.,BUGIS XIN YUAN JI PTE. LTD.,EXEMPT PRIVATE COMPANY LIMITED BY SHARES,SME
SEGAR RESTAURANT PTE. LTD.,SEGAR RESTAURANT PTE. LTD.,EXEMPT PRIVATE COMPANY LIMITED BY SHARES,SME
SEGAR@DOWNTOWNEAST PTE. LTD.,SEGAR@DOWNTOWNEAST PTE. LTD.,EXEMPT PRIVATE COMPANY LIMITED BY SHARES,SME
SEGAR@YISHUN PTE. LTD.,SEGAR@YISHUN PTE. LTD.,EXEMPT PRIVATE COMPANY LIMITED BY SHARES,SME
THE MANAGEMENT CORPORATION - STRATA TITLE PLAN NO. 2672,THE MANAGEMENT CORPORATION - STRATA TITLE PLAN NO. 2672,,SME
THE MANAGEMENT CORPORATION - STRATA TITLE PLAN NO. 3721,THE MANAGEMENT CORPORATION - STRATA TITLE PLAN NO. 3721,,SME
THE MANAGEMENT CORPORATION - STRATA TITLE PLAN NO. 4651,THE MANAGEMENT CORPORATION - STRATA TITLE PLAN NO. 4651,,SME
THE MANAGEMENT CORPORATION - STRATA TITLE PLAN NO. 4425,THE MANAGEMENT CORPORATION - STRATA TITLE PLAN NO. 4425,,SME
FIFTH RIGGING CONSTRUCTION ENGINEERING PTE. LTD.,FIFTH RIGGING CONSTRUCTION ENGINEERING PTE. LTD.,EXEMPT PRIVATE COMPANY LIMITED BY SHARES,SME
FEI SIONG FOOD MANAGEMENT PTE. LTD.,FEI SIONG FOOD MANAGEMENT PTE. LTD.,EXEMPT PRIVATE COMPANY LIMITED BY SHARES,SME
HUP HIN HEAVY EQUIPMENT PTE. LTD.,HUP HIN CAPITAL PTE. LTD.,PRIVATE COMPANY LIMITED BY SHARES,SME
POLLISUM ENGINEERING PTE. LTD.,POLLISUM GROUP PTE. LTD.,PRIVATE COMPANY LIMITED BY SHARES,SME
JJ YUMMY FOOD PTE. LTD.,JJ YUMMY FOOD PTE. LTD.,PRIVATE COMPANY LIMITED BY SHARES,SME
JJ EXCELLENT FOOD PTE. LTD.,CHIN F&B EMPIRE PTE. LTD.,PRIVATE COMPANY LIMITED BY SHARES,SME
JJ HAINAN BAO PTE. LTD.,CHIN F&B EMPIRE PTE. LTD.,PRIVATE COMPANY LIMITED BY SHARES,SME
TANG DIMSUM PTE. LTD.,TANG DIMSUM PTE. LTD.,EXEMPT PRIVATE COMPANY LIMITED BY SHARES,SME
SAKUNTHALA'S FOOD MANUFACTURERS PTE. LTD.,SAKUNTHALA'S FOOD MANUFACTURERS PTE. LTD.,EXEMPT PRIVATE COMPANY LIMITED BY SHARES,SME
LIM'S RESTAURANT PTE. LTD.,LIM'S RESTAURANT PTE. LTD.,PRIVATE COMPANY LIMITED BY SHARES,SME
HJH MAIMUNAH RESTAURANT PTE. LTD.,HJH MAIMUNAH RESTAURANT PTE. LTD.,EXEMPT PRIVATE COMPANY LIMITED BY SHARES,SME
AL-AZHAR EATING RESTAURANT PTE. LTD.,AL-AZHAR EATING RESTAURANT PTE. LTD.,EXEMPT PRIVATE COMPANY LIMITED BY SHARES,SME
MY CORPORATE CLINIC PTE. LTD.,ALLIANCE HEALTHCARE GROUP LIMITED,PRIVATE COMPANY LIMITED BY SHARES,SME
TIAN WAI TIAN FISH HEAD STEAMBOAT (1983) PTE. LTD.,TIAN WAI TIAN FISH HEAD STEAMBOAT (1983) PTE. LTD.,EXEMPT PRIVATE COMPANY LIMITED BY SHARES,SME
TANG TEA HOUSE PTE. LTD.,TANG TEA HOUSE PTE. LTD.,EXEMPT PRIVATE COMPANY LIMITED BY SHARES,SME
RAIN GLOBAL PTE. LTD.,RAIN GLOBAL PTE. LTD.,EXEMPT PRIVATE COMPANY LIMITED BY SHARES,SME
HJH MAIMUNAH EXPRESS PTE. LTD.,HJH MAIMUNAH EXPRESS PTE. LTD.,EXEMPT PRIVATE COMPANY LIMITED BY SHARES,SME
HJH MAIMUNAH KITCHEN PTE. LTD.,HJH MAIMUNAH KITCHEN PTE. LTD.,EXEMPT PRIVATE COMPANY LIMITED BY SHARES,SME
FEI SIONG FASTFOOD PTE. LTD.,FEI SIONG FOOD MANAGEMENT PTE. LTD.,PRIVATE COMPANY LIMITED BY SHARES,SME
LA D'ORO PTE. LTD.,WINSING INVESTMENT HOLDINGS PTE. LTD.,PRIVATE COMPANY LIMITED BY SHARES,SME
MIZUKI F & B PTE. LTD.,MULTI TRILLION PTE. LTD.,PRIVATE COMPANY LIMITED BY SHARES,SME
TRESCAL (SINGAPORE) PTE. LTD.,FINANCIERE ESTEREL SAS,PRIVATE COMPANY LIMITED BY SHARES,SME
PHIN'S STEAKHOUSE PTE. LTD.,PHIN'S STEAKHOUSE PTE. LTD.,EXEMPT PRIVATE COMPANY LIMITED BY SHARES,SME
JUSTZ FOOD PTE. LTD.,JUSTZ FOOD PTE. LTD.,EXEMPT PRIVATE COMPANY LIMITED BY SHARES,SME
SEO ENG JOO FROZEN FOOD PTE LTD,SEO ENG JOO FROZEN FOOD PTE LTD,EXEMPT PRIVATE COMPANY LIMITED BY SHARES,SME
7 DAYS HOLDING FOOD PTE. LTD.,7 DAYS HOLDING FOOD PTE. LTD.,EXEMPT PRIVATE COMPANY LIMITED BY SHARES,SME
FUN EMPIRE CULTURE AND ENTERTAINMENT MANAGEMENT CO. PTE. LTD.,FUN EMPIRE CULTURE AND ENTERTAINMENT MANAGEMENT CO. PTE. LTD.,PRIVATE COMPANY LIMITED BY SHARES,SME
THE MANAGEMENT CORPORATION - STRATA TITLE PLAN NO. 1849,THE MANAGEMENT CORPORATION - STRATA TITLE PLAN NO. 1849,,SME
MILLENNIUM HOTELS AND RESORTS,MILLENNIUM HOTELS AND RESORTS,SOLE PROPRIETOR,SME
ECHT PROPERTY CONSULTANTS PTE. LTD.,ECHT PROPERTY CONSULTANTS PTE. LTD.,EXEMPT PRIVATE COMPANY LIMITED BY SHARES,SME
KAIBENG WOODEN CASE MFG PTE. LTD.,KAIBENG WOODEN CASE MFG PTE. LTD.,EXEMPT PRIVATE COMPANY LIMITED BY SHARES,SME
DELUGE FIRE PROTECTION (S.E.A.) PTE LTD,DELUGE CORPORATION PTE. LTD.,PRIVATE COMPANY LIMITED BY SHARES,SME
ASPECT MOVER & WAREHOUSING PTE. LTD.,ASPECT MOVER & WAREHOUSING PTE. LTD.,EXEMPT PRIVATE COMPANY LIMITED BY SHARES,SME
ST. ANDREW'S DENTAL SURGEONS GROUP PTE. LTD.,ST. ANDREW'S DENTAL SURGEONS GROUP PTE. LTD.,EXEMPT PRIVATE COMPANY LIMITED BY SHARES,SME
BILLION GROUPS TUITION CENTRE PTE. LTD.,BILLION GROUPS TUITION CENTRE PTE. LTD.,EXEMPT PRIVATE COMPANY LIMITED BY SHARES,SME
ERT EMPLOYMENT PTE. LTD.,ERT EMPLOYMENT PTE. LTD.,EXEMPT PRIVATE COMPANY LIMITED BY SHARES,SME
BY INVITE ONLY LLP,BY INVITE ONLY LLP,LIMITED LIABILITY PARTNERSHIP,SME
DR NATASHA LIM EYE CENTRE PTE. LTD.,DR NATASHA LIM EYE CENTRE PTE. LTD.,EXEMPT PRIVATE COMPANY LIMITED BY SHARES,SME
GENKI SUSHI SINGAPORE PTE. LTD.,JAPANESE DINING CONCEPTS (ASIA) LIMITED,PRIVATE COMPANY LIMITED BY SHARES,SME
GLOBAL TECHSOLUTIONS (S) PTE. LTD.,GENIUSYS PTE. LTD.,PRIVATE COMPANY LIMITED BY SHARES,SME
GOLDBELL ENGINEERING PTE LTD,GOLDBELL ENGINEERING PTE LTD,EXEMPT PRIVATE COMPANY LIMITED BY SHARES,SME
HAIRSTUFF PTE. LTD.,HAIRSTUFF PTE. LTD.,EXEMPT PRIVATE COMPANY LIMITED BY SHARES,SME
LEROY SINGAPORE PTE LTD,LEROY SINGAPORE PTE LTD,EXEMPT PRIVATE COMPANY LIMITED BY SHARES,SME
ROYAL PALM PTE. LTD.,RIVERVIEW TANDOOR PTE. LTD.,EXEMPT PRIVATE COMPANY LIMITED BY SHARES,SME
HYBA PTE. LTD.,HYBA PTE. LTD.,EXEMPT PRIVATE COMPANY LIMITED BY SHARES,SME
PERTINENT LAW LLP,PERTINENT LAW LLP,LIMITED LIABILITY PARTNERSHIP,SME
MAGO HV PTE. LTD.,MAGO HV PTE. LTD.,PRIVATE COMPANY LIMITED BY SHARES,SME
SANG NILA UTANG MALA PTE. LTD.,SANG NILA UTANG MALA PTE. LTD.,PRIVATE COMPANY LIMITED BY SHARES,SME
SWIMWERKS ASIA PTE. LTD.,SWIMWERKS ASIA PTE. LTD.,EXEMPT PRIVATE COMPANY LIMITED BY SHARES,SME
QUANTUM GLOBE PTE. LTD.,QUANTUM GLOBE PTE. LTD.,EXEMPT PRIVATE COMPANY LIMITED BY SHARES,SME
ROYAL T GROUP PTE. LTD.,ROYAL T GROUP PTE. LTD.,EXEMPT PRIVATE COMPANY LIMITED BY SHARES,SME
SHINE AND SPARK SOLUTIONS PTE. LTD.,SHINE AND SPARK SOLUTIONS PTE. LTD.,EXEMPT PRIVATE COMPANY LIMITED BY SHARES,SME
THE GOODBURGER PTE. LTD.,THE GOODBURGER PTE. LTD.,EXEMPT PRIVATE COMPANY LIMITED BY SHARES,SME
TIEN HSIA LANGUAGE SCHOOL,TIEN HSIA LANGUAGE SCHOOL,SOLE PROPRIETOR,SME
SEGAR VILLAGE PTE. LTD.,SEGAR VILLAGE PTE. LTD.,EXEMPT PRIVATE COMPANY LIMITED BY SHARES,SME
GRO ENTERPRISES PTE. LTD.,GRO ENTERPRISES PTE. LTD.,EXEMPT PRIVATE COMPANY LIMITED BY SHARES,SME
HADA PRIVATE LIMITED,HADA PRIVATE LIMITED,EXEMPT PRIVATE COMPANY LIMITED BY SHARES,SME
MACRO EVENTS PTE LTD,MACRO EVENTS PTE LTD,EXEMPT PRIVATE COMPANY LIMITED BY SHARES,SME
MOMENTUS HOTEL ALEXANDRA,MOMENTUS HOTEL ALEXANDRA,SOLE PROPRIETOR,SME
NGAI HENG PTE. LTD.,NGAI HENG PTE. LTD.,EXEMPT PRIVATE COMPANY LIMITED BY SHARES,SME
HPH ENGINEERING PTE LTD,HPH ENGINEERING PTE LTD,EXEMPT PRIVATE COMPANY LIMITED BY SHARES,SME
PIAS INTERCOSMEX SINGAPORE PTE. LTD.,PIAS INTERCOSMEX (HONG KONG) CO LIMITED,PRIVATE COMPANY LIMITED BY SHARES,SME
RIVERVIEW TANDOOR PTE. LTD.,RIVERVIEW TANDOOR PTE. LTD.,EXEMPT PRIVATE COMPANY LIMITED BY SHARES,SME
WHITE SPACE DIGITAL PTE. LTD.,WHITE SPACE DIGITAL PTE. LTD.,EXEMPT PRIVATE COMPANY LIMITED BY SHARES,SME
ABSPRUNG ENGINEERING SYSTEMS PTE. LTD.,ABSPRUNG ENGINEERING SYSTEMS PTE. LTD.,PRIVATE COMPANY LIMITED BY SHARES,SME
MANTEC ENGINEERING PTE LTD,MANTEC ENGINEERING PTE LTD,EXEMPT PRIVATE COMPANY LIMITED BY SHARES,SME
SAPPHIRE WINDOWS PTE. LTD.,SAPPHIRE WINDOWS PTE. LTD.,EXEMPT PRIVATE COMPANY LIMITED BY SHARES,SME
T1 GLASS SYSTEMS PTE. LTD.,T1 GLASS SYSTEMS PTE. LTD.,EXEMPT PRIVATE COMPANY LIMITED BY SHARES,SME
POSITIVE ENGINEERING PTE LTD,POSITIVE ENGINEERING PTE LTD,EXEMPT PRIVATE COMPANY LIMITED BY SHARES,SME
RED VELVET BALLROOM PTE. LTD.,RIVERVIEW TANDOOR PTE. LTD.,EXEMPT PRIVATE COMPANY LIMITED BY SHARES,SME
RASA FOODS PTE. LTD.,RIVERVIEW TANDOOR PTE. LTD.,EXEMPT PRIVATE COMPANY LIMITED BY SHARES,SME
THE MANAGEMENT CORPORATION - STRATA TITLE PLAN NO. 4405,THE MANAGEMENT CORPORATION - STRATA TITLE PLAN NO. 4405,,SME
HOUSE OF SEAFOOD (S) PTE. LTD.,HOUSE OF SEAFOOD (S) PTE. LTD.,EXEMPT PRIVATE COMPANY LIMITED BY SHARES,SME
HOUSE OF SEAFOOD (CLARKE QUAY) PTE. LTD.,AC SEAFOOD PTE. LTD.,PRIVATE COMPANY LIMITED BY SHARES,SME
HOUSE OF WHITE BEE HOON PTE. LTD.,AC SEAFOOD PTE. LTD.,PRIVATE COMPANY LIMITED BY SHARES,SME
HONG KONG STREET FAMILY RESTAURANT NOVENA LLP,HONG KONG STREET FAMILY RESTAURANT NOVENA LLP,LIMITED LIABILITY PARTNERSHIP,SME
JCS SHRIMPS PTE. LTD.,JCS SHRIMPS PTE. LTD.,EXEMPT PRIVATE COMPANY LIMITED BY SHARES,SME
A & ONE PRECISION ENGINEERING PTE. LTD.,A & ONE PRECISION ENGINEERING PTE. LTD.,EXEMPT PRIVATE COMPANY LIMITED BY SHARES,SME
SINGATAC ENGINEERING PTE LTD,SINGATAC ENGINEERING PTE LTD,EXEMPT PRIVATE COMPANY LIMITED BY SHARES,SME
DIALOG PLANT SERVICES PTE. LTD.,DIALOG GROUP BERHAD,PRIVATE COMPANY LIMITED BY SHARES,SME
REGIONAL MARINE & ENGINEERING SERVICES PTE LTD,REGIONAL MARINE & ENGINEERING SERVICES PTE LTD,EXEMPT PRIVATE COMPANY LIMITED BY SHARES,SME
RMZ OILFIELD ENGINEERING PTE. LTD.,RMZ OILFIELD ENGINEERING PTE. LTD.,EXEMPT PRIVATE COMPANY LIMITED BY SHARES,SME
VISION ONE PTE. LTD.,VISION ONE PTE. LTD.,EXEMPT PRIVATE COMPANY LIMITED BY SHARES,SME
ROTARY-THAI CONSTRUCTION PTE. LTD.,ORO GOLD PTE. LTD.,PRIVATE COMPANY LIMITED BY SHARES,SME
THE MANAGEMENT CORPORATION - STRATA TITLE PLAN NO. 4479,THE MANAGEMENT CORPORATION - STRATA TITLE PLAN NO. 4479,,SME
THE MANAGEMENT CORPORATION - STRATA TITLE PLAN NO. 4463,THE MANAGEMENT CORPORATION - STRATA TITLE PLAN NO. 4463,,SME
FRESHMART SINGAPORE PTE LTD,FRESHMART SINGAPORE PTE LTD,EXEMPT PRIVATE COMPANY LIMITED BY SHARES,SME
GREENHUB SUITED OFFICES PTE. LTD.,GREENHUB SUITED OFFICES PTE. LTD.,PRIVATE COMPANY LIMITED BY SHARES,SME
COLIWOO KEPPEL PTE. LTD.,LHN LIMITED,PRIVATE COMPANY LIMITED BY SHARES,SME
MX CATERERS (ASIA) PTE. LTD.,MAXIM'S CATERERS LIMITED,PRIVATE COMPANY LIMITED BY SHARES,SME
HMR FOODS PTE. LTD.,HMR FOODS PTE. LTD.,EXEMPT PRIVATE COMPANY LIMITED BY SHARES,SME
MYT F&B HOLDINGS PTE. LTD.,NICA INTERNATIONAL PTE. LTD.,PRIVATE COMPANY LIMITED BY SHARES,SME
ASPRESS SHIPPING (S) PTE. LTD.,ASPRESS SHIPPING (S) PTE. LTD.,PRIVATE COMPANY LIMITED BY SHARES,SME
CADVISION SYSTEMS PTE. LTD.,CADVISION SYSTEMS SDN. BHD.,PRIVATE COMPANY LIMITED BY SHARES,SME
RH NOVENA PTE. LTD.,RH NOVENA PTE. LTD.,PRIVATE COMPANY LIMITED BY SHARES,SME
KTC-HSB JV,KTC CIVIL ENGINEERING & CONSTRUCTION PTE LTD,PARTNERSHIP,SME
INPLY INDUSTRIAL SUPPLIER PTE LTD,INPLY INDUSTRIAL SUPPLIER PTE LTD,EXEMPT PRIVATE COMPANY LIMITED BY SHARES,SME
COLIWOO RV1 PTE. LTD.,LHN LIMITED,PRIVATE COMPANY LIMITED BY SHARES,SME
THE MANAGEMENT CORPORATION - STRATA TITLE PLAN NO. 2385,THE MANAGEMENT CORPORATION - STRATA TITLE PLAN NO. 2385,,SME
THE MANAGEMENT CORPORATION - STRATA TITLE PLAN NO. 4795,THE MANAGEMENT CORPORATION - STRATA TITLE PLAN NO. 4795,,SME
COLIWOO PP PTE. LTD.,LHN LIMITED,PRIVATE COMPANY LIMITED BY SHARES,SME
COLIWOO BALESTIER PTE. LTD.,LHN LIMITED,PRIVATE COMPANY LIMITED BY SHARES,SME
THE MANAGEMENT CORPORATION - STRATA TITLE PLAN NO. 2431,THE MANAGEMENT CORPORATION - STRATA TITLE PLAN NO. 2431,,SME
STRACOM ENGINEERING PTE LTD,STRACOM ENGINEERING PTE LTD,EXEMPT PRIVATE COMPANY LIMITED BY SHARES,SME
THE MANAGEMENT CORPORATION - STRATA TITLE PLAN NO. 2905,THE MANAGEMENT CORPORATION - STRATA TITLE PLAN NO. 2905,,SME
THE MANAGEMENT CORPORATION - STRATA TITLE PLAN NO. 2643,THE MANAGEMENT CORPORATION - STRATA TITLE PLAN NO. 2643,,SME
PROPERTY FACILITY SERVICES PTE. LTD.,YY GROUP HOLDING LIMITED,PRIVATE COMPANY LIMITED BY SHARES,SME
PSGOURMET GASTRONOMY PTE. LTD.,SUN VENTURE PE LTD,PRIVATE COMPANY LIMITED BY SHARES,SME
TEIA TRADING GMBH,TEIA TRADING GMBH,,SME
SABAROT WASSNER SAS,SABAROT WASSNER SAS,,SME
JANTEX FOODSERVICE GROUP SP. Z O.O.,JANTEX FOODSERVICE GROUP SP. Z O.O.,,SME
KANG JI SEAFOOD SOUP PTE. LTD.,KANG JI SEAFOOD SOUP PTE. LTD.,EXEMPT PRIVATE COMPANY LIMITED BY SHARES,SME
SUM KEE PTE. LTD.,SUM KEE PTE. LTD.,EXEMPT PRIVATE COMPANY LIMITED BY SHARES,SME
CAFE RED GINGER PTE LTD,CAFE RED GINGER PTE LTD,EXEMPT PRIVATE COMPANY LIMITED BY SHARES,SME
BEACON CONSULTING PTE LTD,BEACON CONSULTING PTE LTD,EXEMPT PRIVATE COMPANY LIMITED BY SHARES,SME
GANKO SINGAPORE PTE. LTD.,XU LAM BIOTECHNOLOGY PTE. LTD.,PRIVATE COMPANY LIMITED BY SHARES,SME
SHANGHAI YONGFU SINGAPORE PTE. LTD.,SHANGHAI YONGFU SINGAPORE PTE. LTD.,EXEMPT PRIVATE COMPANY LIMITED BY SHARES,SME
A&S TRANSIT PTE. LTD.,A&S TRANSIT PTE. LTD.,EXEMPT PRIVATE COMPANY LIMITED BY SHARES,SME
AJ DELIGHTS PTE. LTD.,AJ DELIGHTS PTE. LTD.,EXEMPT PRIVATE COMPANY LIMITED BY SHARES,SME
ANG CHIN MOH FUNERAL DIRECTORS PTE. LTD.,ANG CHIN MOH FUNERAL DIRECTORS PTE. LTD.,EXEMPT PRIVATE COMPANY LIMITED BY SHARES,SME
MAPLEBEAR AMAZING KIDS PTE. LTD.,MAPLEBEAR AMAZING KIDS PTE. LTD.,EXEMPT PRIVATE COMPANY LIMITED BY SHARES,SME
PINNACLE CREDIT SERVICES PTE. LTD.,PINNACLE CREDIT SERVICES PTE. LTD.,EXEMPT PRIVATE COMPANY LIMITED BY SHARES,SME
SMITTEN ICE CREAM BAR PTE. LTD.,SMITTEN ICE CREAM BAR PTE. LTD.,EXEMPT PRIVATE COMPANY LIMITED BY SHARES,SME
THE ORANGE ACADEMY (TAMPINES) PTE. LTD.,BRIGHTER WORLD EDUCATION GROUP PTE LTD,PRIVATE COMPANY LIMITED BY SHARES,SME
TIDY DISPOSAL SERVICE PTE. LTD.,TIDY DISPOSAL SERVICE PTE. LTD.,EXEMPT PRIVATE COMPANY LIMITED BY SHARES,SME
A.SUNSET OPERATIONS PTE. LTD.,SUNSET INVESTMENTS INTERNATIONAL LIMITED,PRIVATE COMPANY LIMITED BY SHARES,SME
THE MANAGEMENT CORPORATION - STRATA TITLE PLAN NO. 2101,THE MANAGEMENT CORPORATION - STRATA TITLE PLAN NO. 2101,,SME
THE MANAGEMENT CORPORATION - STRATA TITLE PLAN NO. 2902,THE MANAGEMENT CORPORATION - STRATA TITLE PLAN NO. 2902,,SME
NEPTUNE COURT OWNERS' ASSOCIATION,NEPTUNE COURT OWNERS' ASSOCIATION,SOCIETIES,SME
THE MANAGEMENT CORPORATION - STRATA TITLE PLAN NO. 2389,THE MANAGEMENT CORPORATION - STRATA TITLE PLAN NO. 2389,,SME
CAPITOL HOTEL MANAGEMENT PTE. LTD. AS TRUSTEE MANAGER OF CAPITOL HOTEL TRUST,CAPITOL HOTEL MANAGEMENT PTE. LTD. AS TRUSTEE MANAGER OF CAPITOL HOTEL TRUST,,SME
AT-SUNRICE GLOBALCHEF ACADEMY PTE. LTD.,AT-SUNRICE (HOLDINGS) PTE. LTD.,PRIVATE COMPANY LIMITED BY SHARES,SME
BHARATH ELECTRICAL ENGINEERING PTE. LTD.,BHARATH ELECTRICAL ENGINEERING PTE. LTD.,EXEMPT PRIVATE COMPANY LIMITED BY SHARES,SME
SERVICE COMMUNICATION INTERNATIONAL PTE LTD,SERVICE COMMUNICATION INTERNATIONAL PTE LTD,,SME
SINTER HARDMETALL (ASIA PACIFIC) PTE. LTD.,SINTER HARDMETALL (ASIA PACIFIC) PTE. LTD.,EXEMPT PRIVATE COMPANY LIMITED BY SHARES,SME
PRECIOUS ENGINEERING PTE. LTD.,PRECIOUS ENGINEERING PTE. LTD.,EXEMPT PRIVATE COMPANY LIMITED BY SHARES,SME
ROVISYS ASIA COMPANY PTE. LTD.,THE ROVISYS COMPANY,PRIVATE COMPANY LIMITED BY SHARES,SME
EASTW ENGINEERING PTE. LTD.,EASTW ENGINEERING PTE. LTD.,EXEMPT PRIVATE COMPANY LIMITED BY SHARES,SME
B-MECH ENGINEERING PTE LTD,B-MECH ENGINEERING PTE LTD,EXEMPT PRIVATE COMPANY LIMITED BY SHARES,SME
ELITE AIRCONDITIONING & ENGINEERING PTE. LTD.,ELITE AIRCONDITIONING & ENGINEERING PTE. LTD.,EXEMPT PRIVATE COMPANY LIMITED BY SHARES,SME
DLM PTE. LTD.,DLM PTE. LTD.,EXEMPT PRIVATE COMPANY LIMITED BY SHARES,SME
TSMC ENTERPRISE PTE. LTD.,TSMC ENTERPRISE PTE. LTD.,EXEMPT PRIVATE COMPANY LIMITED BY SHARES,SME
NATURAL COOL AIRCONDITIONING & ENGINEERING PTE LTD,NATURAL COOL HOLDINGS LIMITED,PRIVATE COMPANY LIMITED BY SHARES,SME
SG INTERNATIONAL HAWKER PTE. LTD.,FEI SIONG FOOD MANAGEMENT PTE. LTD.,PRIVATE COMPANY LIMITED BY SHARES,SME
ATNESIS SDN BHD,ATNESIS SDN BHD,,SME
EBELCO INDUSTRIES SDN BHD,EBELCO INDUSTRIES SDN BHD,,SME
ESI ACCESS SDN BHD,ESI ACCESS SDN BHD,,SME
GC PACKAGING SDN BHD,GC PACKAGING SDN BHD,,SME
JJ HAINAN BAO @ JEWEL PTE. LTD.,JJ HAINAN BAO @ JEWEL PTE. LTD.,EXEMPT PRIVATE COMPANY LIMITED BY SHARES,SME
FLAVOR TREASURY PTE. LTD.,FLAVOR TREASURY PTE. LTD.,EXEMPT PRIVATE COMPANY LIMITED BY SHARES,SME
JJ HAINAN BAO STORY PTE. LTD.,CHIN F&B EMPIRE PTE. LTD.,PRIVATE COMPANY LIMITED BY SHARES,SME
H CULTURE PTE. LTD.,H CULTURE PTE. LTD.,PRIVATE COMPANY LIMITED BY SHARES,SME
THE HAINAN STORY TAMPINES PTE. LTD.,H CULTURE PTE. LTD.,PRIVATE COMPANY LIMITED BY SHARES,SME
ANDERCO PTE. LTD.,ANDERCO PTE. LTD.,EXEMPT PRIVATE COMPANY LIMITED BY SHARES,SME
STRIP PTE. LTD.,TITAN DINING GROUP LTD,PRIVATE COMPANY LIMITED BY SHARES,SME
INTERQUIP ELECTRONICS PTE. LTD.,INTERQUIP ELECTRONICS PTE. LTD.,EXEMPT PRIVATE COMPANY LIMITED BY SHARES,SME
A DRBRAND PTE. LTD.,A DRBRAND PTE. LTD.,PRIVATE COMPANY LIMITED BY SHARES,SME
THE WHOLE KITCHEN PTE. LTD.,THE WHOLE KITCHEN PTE. LTD.,EXEMPT PRIVATE COMPANY LIMITED BY SHARES,SME
T.O.P DESIGN & ENGINEERING PTE. LTD.,T.O.P DESIGN & ENGINEERING PTE. LTD.,EXEMPT PRIVATE COMPANY LIMITED BY SHARES,SME
THK ENGINEERING PTE. LTD.,THK ENGINEERING PTE. LTD.,EXEMPT PRIVATE COMPANY LIMITED BY SHARES,SME
LANTRO NE PTE. LTD.,LANTRO NE PTE. LTD.,PRIVATE COMPANY LIMITED BY SHARES,SME
KASE LOGISTICS (S) PTE. LTD.,KASE LOGISTICS (S) PTE. LTD.,EXEMPT PRIVATE COMPANY LIMITED BY SHARES,SME
GWP SERVICES PTE. LTD.,GWP SERVICES PTE. LTD.,EXEMPT PRIVATE COMPANY LIMITED BY SHARES,SME
SWAT MOBILITY PTE. LTD.,SWAT MOBILITY PTE. LTD.,PRIVATE COMPANY LIMITED BY SHARES,SME
PT MULIA JAYA MANDIRI,PT MULIA JAYA MANDIRI,,SME
JIN WEE CONSTRUCTION PTE. LTD.,JIN WEE CONSTRUCTION PTE. LTD.,EXEMPT PRIVATE COMPANY LIMITED BY SHARES,SME
MR FISH HOLDINGS SDN. BHD.,MR FISH HOLDINGS SDN. BHD.,PRIVATE LIMITED,SME
LEE SEAFOOD SDN. BHD.,LEE SEAFOOD SDN. BHD.,,SME
MAHALAKSHMI ELECTRICAL PTE. LTD.,MAHALAKSHMI ELECTRICAL PTE. LTD.,EXEMPT PRIVATE COMPANY LIMITED BY SHARES,SME
CLARITY E&C PTE. LTD.,CLARITY E&C PTE. LTD.,PRIVATE COMPANY LIMITED BY SHARES,SME
YAM SENG ENGINEERING PTE. LTD.,YAM SENG ENGINEERING PTE. LTD.,EXEMPT PRIVATE COMPANY LIMITED BY SHARES,SME
MASTERMARK PTE LTD,MASTERMARK PTE LTD,EXEMPT PRIVATE COMPANY LIMITED BY SHARES,SME
AOFEI NEW ENERGY SG PTE. LTD.,"GUANGDONG AOFEI NEW ENERGY CO., LTD",PRIVATE COMPANY LIMITED BY SHARES,SME
FINEST NIMBLE PTE. LTD.,FINEST NIMBLE PTE. LTD.,EXEMPT PRIVATE COMPANY LIMITED BY SHARES,SME
QT SINGAPORE HOTEL,S1F PTE. LTD.,SOLE PROPRIETOR,SME
SUNSET METT SING PTE. LTD.,SUNSET INVESTMENTS INTERNATIONAL LIMITED,PRIVATE COMPANY LIMITED BY SHARES,SME
HEAP SENG GROUP PTE. LTD.,HEAP SENG GROUP PTE. LTD.,EXEMPT PRIVATE COMPANY LIMITED BY SHARES,SME
LAM THYE HANG PTE. LTD.,LAM THYE HANG PTE. LTD.,EXEMPT PRIVATE COMPANY LIMITED BY SHARES,SME
TEXAS PETROCHEMICAL ASIA PACIFIC PTE. LTD.,TEXAS PETROCHEMICAL ASIA PACIFIC PTE. LTD.,PRIVATE COMPANY LIMITED BY SHARES,SME
SAMWOH RESOURCES PTE LTD,SAMWOH HOLDINGS PTE. LTD.,PRIVATE COMPANY LIMITED BY SHARES,SME
CHEE FATT CO. (PTE.) LTD.,CHEE FATT CO. (PTE.) LTD.,EXEMPT PRIVATE COMPANY LIMITED BY SHARES,SME
BJ VIBRO PTE. LTD.,BJ VIBRO PTE. LTD.,EXEMPT PRIVATE COMPANY LIMITED BY SHARES,SME
VISIONICS ENGINEERING PTE. LTD.,VISIONICS ENGINEERING PTE. LTD.,EXEMPT PRIVATE COMPANY LIMITED BY SHARES,SME
OMBAK SEGAR SDN. BHD.,OMBAK SEGAR SDN. BHD.,PRIVATE LIMITED,SME
THE SMART SERIES PTE. LTD.,THE SMART SERIES PTE. LTD.,EXEMPT PRIVATE COMPANY LIMITED BY SHARES,SME
RED STAR RESTAURANT PRIVATE LIMITED,RED STAR RESTAURANT PRIVATE LIMITED,EXEMPT PRIVATE COMPANY LIMITED BY SHARES,SME
D-TEAM ENGINEERING PTE. LTD.,D-TEAM ENGINEERING PTE. LTD.,EXEMPT PRIVATE COMPANY LIMITED BY SHARES,SME
SYNERGY PACIFIC HOLDINGS PTE. LTD.,SYNERGY PACIFIC HOLDINGS PTE. LTD.,PRIVATE COMPANY LIMITED BY SHARES,SME
INNOFLEX PTE. LTD.,INNOFLEX HOLDING PTE. LTD.,PRIVATE COMPANY LIMITED BY SHARES,SME
W F&B PTE. LTD.,W F&B PTE. LTD.,EXEMPT PRIVATE COMPANY LIMITED BY SHARES,SME
CTC 1 PTE. LTD.,CTC 1 PTE. LTD.,EXEMPT PRIVATE COMPANY LIMITED BY SHARES,SME
BEST DENKI (SINGAPORE) PTE. LTD.,YAMADA HOLDINGS CO LTD,PRIVATE COMPANY LIMITED BY SHARES,SME (subsidiary of Mid-sized/MNC)
ABBVIE OPERATIONS SINGAPORE PTE. LTD.,ABBVIE BIOTECHNOLOGY LTD,PRIVATE COMPANY LIMITED BY SHARES,SME (subsidiary of Mid-sized/MNC)
AEROSPACE COMPOSITES MALAYSIA SDN BHD,AEROSPACE COMPOSITES MALAYSIA SDN BHD,PRIVATE LIMITED,SME (subsidiary of Mid-sized/MNC)
ASM FRONT-END MANUFACTURING SINGAPORE PTE. LTD.,ASM FRONT-END MANUFACTURING SINGAPORE PTE. LTD.,PRIVATE LIMITED,SME (subsidiary of Mid-sized/MNC)
BHP BILLITON MARKETING ASIA PTE LTD,BHP BILLITON MARKETING ASIA PTE LTD,PRIVATE LIMITED,SME (subsidiary of Mid-sized/MNC)
BOEHRINGER INGELHEIM SINGAPORE PTE. LTD.,BOEHRINGER INGELHEIM SINGAPORE PTE. LTD.,PRIVATE LIMITED,SME (subsidiary of Mid-sized/MNC)
CARGILL ASIA PACIFIC HOLDINGS PTE. LTD.,CARGILL ASIA PACIFIC HOLDINGS PTE. LTD.,PRIVATE LIMITED,SME (subsidiary of Mid-sized/MNC)
CHINA TAIPING INSURANCE (SINGAPORE) PTE. LTD.,CHINA TAIPING INSURANCE (SINGAPORE) PTE. LTD.,PRIVATE LIMITED,SME (subsidiary of Mid-sized/MNC)
COGNIZANT TECHNOLOGY SOLUTIONS ASIA PACIFIC PTE. LTD.,COGNIZANT TECHNOLOGY SOLUTIONS ASIA PACIFIC PTE. LTD.,PRIVATE LIMITED,SME (subsidiary of Mid-sized/MNC)
COMPOSITE TECHNOLOGY INTERNATIONAL PTE LTD,COMPOSITE TECHNOLOGY INTERNATIONAL PTE LTD,EXEMPT PRIVATE COMPANY LIMITED BY SHARES,SME (subsidiary of Mid-sized/MNC)
BRENNTAG PTE. LTD.,BRENNTAG (HOLDING) B.V.,PRIVATE COMPANY LIMITED BY SHARES,SME (subsidiary of Mid-sized/MNC)
CELESTICA ELECTRONICS (S) PTE LTD,CELESTICA CAYMAN HOLDINGS 9 LIMITED,PRIVATE COMPANY LIMITED BY SHARES,SME (subsidiary of Mid-sized/MNC)
FINISAR SINGAPORE PTE LTD,FINISAR SINGAPORE PTE LTD,PRIVATE LIMITED,SME (subsidiary of Mid-sized/MNC)
GAC (SINGAPORE) PTE. LTD.,GAC (SINGAPORE) PTE. LTD.,,SME (subsidiary of Mid-sized/MNC)
GOODYEAR SINGAPORE TYRES,GOODYEAR SINGAPORE TYRES,SOLE PROPRIETOR,SME (subsidiary of Mid-sized/MNC)
"HITACHI PLANT CONSTRUCTION, LTD. Singapore Branch","HITACHI PLANT CONSTRUCTION, LTD. Singapore Branch",FOREIGN COMPANY REGISTERED IN SINGAPORE,SME (subsidiary of Mid-sized/MNC)
II-VI SINGAPORE PTE LTD,II-VI SINGAPORE PTE LTD,PRIVATE LIMITED,SME (subsidiary of Mid-sized/MNC)
INTERPLEX PRECISION TECHNOLOGY (SINGAPORE) PTE. LTD.,INTERPLEX PRECISION TECHNOLOGY (SINGAPORE) PTE. LTD.,,SME (subsidiary of Mid-sized/MNC)
NX GLOBAL ENGINEERING PTE. LTD.,"NIPPON EXPRESS HOLDINGS, INC.",PRIVATE COMPANY LIMITED BY SHARES,SME (subsidiary of Mid-sized/MNC)
NSL OILCHEM WASTE MANAGEMENT PTE. LTD.,NSL CHEMICALS LTD.,PRIVATE COMPANY LIMITED BY SHARES,SME (subsidiary of Mid-sized/MNC)
PERTAMA MERCHANDISING PTE LTD,HARVEY NORMAN SINGAPORE PTE LTD,PRIVATE COMPANY LIMITED BY SHARES,SME (subsidiary of Mid-sized/MNC)
"QINGJIAN INTERNATIONAL (SOUTH PACIFIC) GROUP DEVELOPMENT CO., PTE. LTD.",WANG BAO DEVELOPMENT LIMITED,PRIVATE COMPANY LIMITED BY SHARES,SME (subsidiary of Mid-sized/MNC)
CLARIANT (SINGAPORE) PTE. LTD.,Clariant AG,PRIVATE COMPANY LIMITED BY SHARES,SME (subsidiary of Mid-sized/MNC)
SATSACO EXPRESS TRANSPORTATION PTE LTD,SATSACO EXPRESS TRANSPORTATION PTE LTD,PRIVATE LIMITED,SME (subsidiary of Mid-sized/MNC)
CEVA MANAGEMENT ASIA-PACIFIC PTE. LTD.,COMPAGNIE SAINT CORENTIN,PRIVATE COMPANY LIMITED BY SHARES,SME (subsidiary of Mid-sized/MNC)
SHENG SIONG HYPERMART,SHENG SIONG HYPERMART,SOLE PROPRIETOR,SME (subsidiary of Mid-sized/MNC)
SHENG SIONG GROCERIES,SHENG SIONG GROUP LTD.,SOLE PROPRIETOR,SME (subsidiary of Mid-sized/MNC)
SHING SONG SUPERMARKET,SHENG SIONG GROUP LTD.,PARTNERSHIP,SME (subsidiary of Mid-sized/MNC)
SINGAPORE TAKADA INDUSTRIES PRIVATE LIMITED,TAKADA CORPORATION,PRIVATE COMPANY LIMITED BY SHARES,SME (subsidiary of Mid-sized/MNC)
SULZER SINGAPORE PTE. LTD.,SULZER LTD,PRIVATE COMPANY LIMITED BY SHARES,SME (subsidiary of Mid-sized/MNC)
SYNGENTA ASIA PACIFIC PTE. LTD.,SYNGENTA PARTICIPATIONS AG,PRIVATE COMPANY LIMITED BY SHARES,SME (subsidiary of Mid-sized/MNC)
SYSTEMS ON SILICON MANUFACTURING COMPANY PTE LTD,SYSTEMS ON SILICON MANUFACTURING COMPANY PTE LTD,PRIVATE LIMITED,SME (subsidiary of Mid-sized/MNC)
TOA CORPORATION,TOA CORPORATION,FOREIGN COMPANY REGISTERED IN SINGAPORE,SME (subsidiary of Mid-sized/MNC)
BOSKALIS / PENTA-OCEAN JOINT VENTURE,Koninklijke Boskalis Westminster N.V.,PARTNERSHIP,SME (subsidiary of Mid-sized/MNC)
DACHSER (SINGAPORE) PTE. LTD.,DACHSER SE,PRIVATE COMPANY LIMITED BY SHARES,SME (subsidiary of Mid-sized/MNC)
UPS SCS (SINGAPORE) PTE. LTD.,UPS SCS HOLDING LIMITED,PRIVATE COMPANY LIMITED BY SHARES,SME (subsidiary of Mid-sized/MNC)
NEC ASIA PACIFIC PTE. LTD.,NEC CORPORATION,PRIVATE COMPANY LIMITED BY SHARES,SME (subsidiary of Mid-sized/MNC)
ECICS LIMITED,IFS CAPITAL LIMITED,PUBLIC COMPANY LIMITED BY SHARES,SME (subsidiary of Mid-sized/MNC)
SOVERUS PTE. LTD.,SECURA GROUP LIMITED,PRIVATE COMPANY LIMITED BY SHARES,SME (subsidiary of Mid-sized/MNC)
AIR INDIA LIMITED,AIR INDIA LIMITED,PUBLIC LIMITED COMPANY,SME (subsidiary of Mid-sized/MNC)
AIRCRAFT MAINTENANCE & ENGINEERING CORPORATION,AIRCRAFT MAINTENANCE & ENGINEERING CORPORATION,PRIVATE LIMITED,SME (subsidiary of Mid-sized/MNC)
"CHINA EASTERN AVIATION IMPORT & EXPORT CO., LTD.","CHINA EASTERN AVIATION IMPORT & EXPORT CO., LTD.",PRIVATE LIMITED,SME (subsidiary of Mid-sized/MNC)
AVENTIS PHARMA MANUFACTURING PTE LTD,SANOFI FOREIGN PARTICIPATIONS B.V.,PRIVATE COMPANY LIMITED BY SHARES,SME (subsidiary of Mid-sized/MNC)
GREAT RESOURCES M & E CONTRACTOR PTE LTD,CHINA STATE CONSTRUCTION ENGINEERING CORPORATION LIMITED,PRIVATE COMPANY LIMITED BY SHARES,SME (subsidiary of Mid-sized/MNC)
"GUANGZHOU AIRCRAFT MAINTENANCE ENGINEERING CO., LTD.","GUANGZHOU AIRCRAFT MAINTENANCE ENGINEERING CO., LTD.",,SME (subsidiary of Mid-sized/MNC)
SATS CATERING PTE LTD,SATS LTD.,PRIVATE COMPANY LIMITED BY SHARES,SME (subsidiary of Mid-sized/MNC)
WATSON'S PERSONAL CARE STORES PTE LTD,WATSON'S THE CHEMIST (SINGAPORE) HOLDINGS LIMITED,PRIVATE COMPANY LIMITED BY SHARES,SME (subsidiary of Mid-sized/MNC)
SBS TRANSIT RAIL PTE. LTD.,COMFORTDELGRO CORPORATION LIMITED,PRIVATE COMPANY LIMITED BY SHARES,SME (subsidiary of Mid-sized/MNC)
REDMART PTE. LTD.,ALIBABA.COM HOLDING LIMITED,PRIVATE COMPANY LIMITED BY SHARES,SME (subsidiary of Mid-sized/MNC)
BRENNTAG ASIA PACIFIC PTE. LTD.,BRENNTAG (HOLDING) B.V.,PRIVATE COMPANY LIMITED BY SHARES,SME (subsidiary of Mid-sized/MNC)
PAN-UNITED TECHNOLOGIES PTE. LTD.,PAN-UNITED CORPORATION LTD.,PRIVATE COMPANY LIMITED BY SHARES,SME (subsidiary of Mid-sized/MNC)
Capgemini Singapore PTE. LTD.,CAPGEMINI SE,PRIVATE COMPANY LIMITED BY SHARES,SME (subsidiary of Mid-sized/MNC)
J&T EXPRESS SINGAPORE PTE. LTD.,WINNER STAR HOLDINGS LIMITED,PRIVATE COMPANY LIMITED BY SHARES,SME (subsidiary of Mid-sized/MNC)
MANPOWER STAFFING SERVICES (SINGAPORE) PTE LTD,"MANPOWER HOLDINGS, INC.",PRIVATE COMPANY LIMITED BY SHARES,SME (subsidiary of Mid-sized/MNC)
CAVASIA PTE. LTD.,TYCO INTERNATIONAL HOLDING S.A.R.L.,PRIVATE COMPANY LIMITED BY SHARES,SME (subsidiary of Mid-sized/MNC)
HEALTHWAY MEDICAL ENTERPRISES PTE LTD,HEALTHWAY MEDICAL CORPORATION LIMITED,PRIVATE COMPANY LIMITED BY SHARES,SME (subsidiary of Mid-sized/MNC)
THOMSON FERTILITY CENTRE PTE LTD,THOMSON MEDICAL GROUP LIMITED,PRIVATE COMPANY LIMITED BY SHARES,SME (subsidiary of Mid-sized/MNC)
CORDIS SINGAPORE PTE. LTD.,CORDIS MEDICAL HOLDINGS UNLIMITED COMPANY,PRIVATE COMPANY LIMITED BY SHARES,SME (subsidiary of Mid-sized/MNC)
NEXWAVE TECHNOLOGIES PTE LTD,TELECHOICE INTERNATIONAL LIMITED,PRIVATE COMPANY LIMITED BY SHARES,SME (subsidiary of Mid-sized/MNC)
ENVAC SINGAPORE PTE. LTD.,ENVAC AB,PRIVATE COMPANY LIMITED BY SHARES,SME (subsidiary of Mid-sized/MNC)
GATES INDUSTRIAL SINGAPORE PTE. LTD.,GATES FINANCE LIMITED,PRIVATE COMPANY LIMITED BY SHARES,SME (subsidiary of Mid-sized/MNC)
PRO-MATRIX PTE LTD,NTT FACILITIES INC.,PRIVATE COMPANY LIMITED BY SHARES,SME (subsidiary of Mid-sized/MNC)
QUASAR MEDICAL (SINGAPORE) PTE. LTD.,QUASAR ENGINEERING LIMITED,PRIVATE COMPANY LIMITED BY SHARES,SME (subsidiary of Mid-sized/MNC)
FIRST STREET PTE. LTD.,PIECE INVESTMENT PTE. LTD.,PRIVATE COMPANY LIMITED BY SHARES,SME (subsidiary of Mid-sized/MNC)
UEMS SOLUTIONS PTE. LTD.,UEM EDGENTA BERHAD,PRIVATE COMPANY LIMITED BY SHARES,SME (subsidiary of Mid-sized/MNC)
SBCC CLINIC PTE LTD,HEALTHWAY MEDICAL CORPORATION LIMITED,PRIVATE COMPANY LIMITED BY SHARES,SME (subsidiary of Mid-sized/MNC)
THE LITTLE SKOOL-HOUSE INTERNATIONAL PTE LTD,NTUC FIRST CAMPUS LIMITED,PRIVATE COMPANY LIMITED BY SHARES,SME (subsidiary of Mid-sized/MNC)
BLKJ HAVAS PTE. LTD.,HAVAS,PRIVATE COMPANY LIMITED BY SHARES,SME (subsidiary of Mid-sized/MNC)
SIX TOES PRIVATE LIMITED,OMNICOM APIMA HOLDINGS LTD,PRIVATE COMPANY LIMITED BY SHARES,SME (subsidiary of Mid-sized/MNC)
ISLAND ORTHOPAEDIC CONSULTANTS PTE LTD,HEALTHWAY MEDICAL CORPORATION LIMITED,PRIVATE COMPANY LIMITED BY SHARES,SME (subsidiary of Mid-sized/MNC)
SRE GLOBAL PTE. LTD.,ADVANCER GLOBAL LIMITED,PRIVATE COMPANY LIMITED BY SHARES,SME (subsidiary of Mid-sized/MNC)
AIMS APAC PROPERTY MANAGEMENT PTE. LTD.,AIMS APAC PROPERTY MANAGEMENT PTE. LTD.,PRIVATE COMPANY LIMITED BY SHARES,SME (subsidiary of Mid-sized/MNC)
SBCC WOMEN'S CLINIC PTE. LTD.,HEALTHWAY MEDICAL CORPORATION LIMITED,PRIVATE COMPANY LIMITED BY SHARES,SME (subsidiary of Mid-sized/MNC)
UROHEALTH PTE. LTD.,HEALTHWAY MEDICAL CORPORATION LIMITED,PRIVATE COMPANY LIMITED BY SHARES,SME (subsidiary of Mid-sized/MNC)
THOMSON BREAST CENTRE PTE. LTD.,THOMSON MEDICAL GROUP LIMITED,PRIVATE COMPANY LIMITED BY SHARES,SME (subsidiary of Mid-sized/MNC)
HOUSTON WELL SCREEN ASIA PTE LTD,WEATHERFORD BERMUDA HOLDINGS LTD,PRIVATE COMPANY LIMITED BY SHARES,SME (subsidiary of Mid-sized/MNC)
PT BINA VIKTORI INDONESIA,Black & Veatch International Company,PRIVATE LIMITED,SME (subsidiary of Mid-sized/MNC)
UNION SERVICES (S'PORE) PTE LTD,"THE SUMITOMO WAREHOUSE CO., LTD.",PRIVATE COMPANY LIMITED BY SHARES,SME (subsidiary of Mid-sized/MNC)
CRESTSA MARINE & OFFSHORE PTE. LTD.,PACIFIC RADIANCE LTD.,PRIVATE COMPANY LIMITED BY SHARES,SME (subsidiary of Mid-sized/MNC)
NOVENA RADIOLOGY PTE. LTD.,TLW SUCCESS LTD.,PRIVATE COMPANY LIMITED BY SHARES,SME (subsidiary of Mid-sized/MNC)
THOMSON SPECIALISTS PTE. LTD.,THOMSON MEDICAL GROUP LIMITED,PRIVATE COMPANY LIMITED BY SHARES,SME (subsidiary of Mid-sized/MNC)
SEAGATE MANUFACTURING SG PTE. LTD.,"INTEVAC, INC.",PRIVATE COMPANY LIMITED BY SHARES,SME (subsidiary of Mid-sized/MNC)
MGCA CAFE SG PTE. LTD.,MARUBENI GROWTH CAPITAL ASIA PTE. LTD.,PRIVATE COMPANY LIMITED BY SHARES,SME (subsidiary of Mid-sized/MNC)
ALLIANCE MEDICAL CENTRE (DHOBY) PTE. LTD.,ALLIANCE HEALTHCARE GROUP LIMITED,PRIVATE COMPANY LIMITED BY SHARES,SME (subsidiary of Mid-sized/MNC)
GALDERMA SINGAPORE PRIVATE LIMITED,GALDERMA PHARMA S.A.,PRIVATE COMPANY LIMITED BY SHARES,SME (subsidiary of Mid-sized/MNC)
ANDRITZ SINGAPORE PTE. LTD.,ANDRITZ AG,PRIVATE COMPANY LIMITED BY SHARES,SME (subsidiary of Mid-sized/MNC)
LONZA BIOLOGICS TUAS PTE. LTD.,LONZA GROUP AG,PRIVATE COMPANY LIMITED BY SHARES,SME (subsidiary of Mid-sized/MNC)
SELECT PM PTE. LTD.,INTERNATIONAL CULINARY MANAGEMENT LTD,PRIVATE COMPANY LIMITED BY SHARES,SME (subsidiary of Mid-sized/MNC)
SIEMENS MOBILITY PTE. LTD.,SIEMENS MOBILITY HOLDING B.V.,PRIVATE COMPANY LIMITED BY SHARES,SME (subsidiary of Mid-sized/MNC)
COMPASS GROUP (SINGAPORE) PTE. LTD.,COMPASS GROUP INTERNATIONAL BV,PRIVATE COMPANY LIMITED BY SHARES,SME (subsidiary of Mid-sized/MNC)
ASSA ABLOY ENTRANCE SYSTEMS SINGAPORE PTE. LTD.,BESAM AB,PRIVATE COMPANY LIMITED BY SHARES,SME (subsidiary of Mid-sized/MNC)
UD TRUCKS SINGAPORE (PTE.) LTD.,UD TRUCKS CORPORATION,PRIVATE COMPANY LIMITED BY SHARES,SME (subsidiary of Mid-sized/MNC)
ALPS LOGISTICS (S) PTE LTD,"ALPS LOGISTICS CO., LTD.",PRIVATE COMPANY LIMITED BY SHARES,SME (subsidiary of Mid-sized/MNC)
AUSTCO MARKETING & SERVICE (ASIA) PTE LTD,AUSTCO COMMUNICATION SYSTEM PTY LTD,PRIVATE COMPANY LIMITED BY SHARES,SME (subsidiary of Mid-sized/MNC)
MITSUBISHI HEAVY INDUSTRIES ASIA PACIFIC PTE. LTD.,"MITSUBISHI HEAVY INDUSTRIES, LTD",PRIVATE COMPANY LIMITED BY SHARES,SME (subsidiary of Mid-sized/MNC)
GOLDBELL LEASING PTE LTD,GOLDBELL CORPORATION PTE. LTD.,PRIVATE COMPANY LIMITED BY SHARES,SME (subsidiary of Mid-sized/MNC)
MISUMI SOUTH EAST ASIA PTE. LTD.,MISUMI CORPORATION,PRIVATE COMPANY LIMITED BY SHARES,SME (subsidiary of Mid-sized/MNC)
ASCENSUS HEALTH GROUP PTE. LTD.,NEWMEDCO GROUP LTD.,PRIVATE COMPANY LIMITED BY SHARES,SME (subsidiary of Mid-sized/MNC)
OUE AIRPORT HOTEL PTE. LTD.,OUE LIMITED,PRIVATE COMPANY LIMITED BY SHARES,SME (subsidiary of Mid-sized/MNC)
MUJI (SINGAPORE) PTE. LTD.,"RYOHIN KEIKAKU CO., LTD",PRIVATE COMPANY LIMITED BY SHARES,SME (subsidiary of Mid-sized/MNC)
OWENS CORNING (SINGAPORE) PTE LTD,OC NL INVEST COOPERATIEF U.A.,PRIVATE COMPANY LIMITED BY SHARES,SME (subsidiary of Mid-sized/MNC)
HAI LECK ENGINEERING (PRIVATE) LIMITED,HAI LECK HOLDINGS LIMITED,PRIVATE COMPANY LIMITED BY SHARES,SME (subsidiary of Mid-sized/MNC)
HAI LECK ENGINEERING & CONSTRUCTION PTE. LTD.,HAI LECK HOLDINGS LIMITED,PRIVATE COMPANY LIMITED BY SHARES,SME (subsidiary of Mid-sized/MNC)
STARBURST ENGINEERING PTE LTD,NORDIC FLOW CONTROL PTE. LTD.,PRIVATE COMPANY LIMITED BY SHARES,SME (subsidiary of Mid-sized/MNC)
WONG FONG ENGINEERING WORKS (1988) PTE LTD,WONG FONG INDUSTRIES LIMITED,PRIVATE COMPANY LIMITED BY SHARES,SME (subsidiary of Mid-sized/MNC)
COLIWOO ORCHARD PTE. LTD.,LHN LIMITED,PRIVATE COMPANY LIMITED BY SHARES,SME (subsidiary of Mid-sized/MNC)
SEPANG AIRCRAFT ENGINEERING SDN. BHD.,SEPANG AIRCRAFT ENGINEERING SDN. BHD.,,SME (subsidiary of Mid-sized/MNC)
UPECA AEROTECH SDN. BHD.,UPECA AEROTECH SDN. BHD.,,SME (subsidiary of Mid-sized/MNC)
AIR INDIA EXPRESS LIMITED,AIR INDIA EXPRESS LIMITED,,SME (subsidiary of Mid-sized/MNC)
INTERGLOBE AVIATION LIMITED,INTERGLOBE AVIATION LIMITED,,SME (subsidiary of Mid-sized/MNC)
HNA AVIATION TECHNIC CO. LTD,HNA AVIATION TECHNIC CO. LTD,,SME (subsidiary of Mid-sized/MNC)
SHENZHEN AIRLINES,SHENZHEN AIRLINES,,SME (subsidiary of Mid-sized/MNC)
"XIAMEN AIRLINES CO., LTD.","XIAMEN AIRLINES CO., LTD.",,SME (subsidiary of Mid-sized/MNC)
SUSHI-TEI PTE LTD,SIRIUS CORP LIMITED,PRIVATE COMPANY LIMITED BY SHARES,SME (subsidiary of Mid-sized/MNC)
SPX EXPRESS PRIVATE LIMITED,SPX EXPRESS LIMITED,PRIVATE COMPANY LIMITED BY SHARES,SME (subsidiary of Mid-sized/MNC)
CARGO COMMUNITY NETWORK PTE LTD,SINGAPORE AIRLINES LIMITED,PRIVATE COMPANY LIMITED BY SHARES,SME (subsidiary of Mid-sized/MNC)
NATSTEEL RECYCLING PTE. LTD.,TOPTIP HOLDING PTE. LTD.,PRIVATE COMPANY LIMITED BY SHARES,SME (subsidiary of Mid-sized/MNC)
ST ENGINEERING UNMANNED & INTEGRATED SYSTEMS PTE. LTD.,SINGAPORE TECHNOLOGIES ENGINEERING LTD,PRIVATE COMPANY LIMITED BY SHARES,SME (subsidiary of Mid-sized/MNC)
COLIWOO HOSTELS PTE. LTD.,LHN LIMITED,PRIVATE COMPANY LIMITED BY SHARES,SME (subsidiary of Mid-sized/MNC)
LHN FACILITIES MANAGEMENT PTE. LTD.,LHN LIMITED,PRIVATE COMPANY LIMITED BY SHARES,SME (subsidiary of Mid-sized/MNC)
TEN SURGERY GROUP PTE. LTD.,HEALTHWAY MEDICAL CORPORATION LIMITED,PRIVATE COMPANY LIMITED BY SHARES,SME (subsidiary of Mid-sized/MNC)
TYCOON ASIA PACIFIC (SINGAPORE) PTE. LIMITED,KEY ZONE INVESTMENT INC.,PRIVATE COMPANY LIMITED BY SHARES,SME (subsidiary of Mid-sized/MNC)
INDOGUNA (SINGAPORE) PTE LTD,SIAM FOOD SERVICES LIMITED,PRIVATE COMPANY LIMITED BY SHARES,SME (subsidiary of Mid-sized/MNC)
AEDAS PTE. LTD.,AEDAS (ARCHITECTS) LIMITED,PRIVATE COMPANY LIMITED BY SHARES,SME (subsidiary of Mid-sized/MNC)
GAMMON PTE. LIMITED,GAMMON CONSTRUCTION HOLDINGS (S) PTE. LTD.,PRIVATE COMPANY LIMITED BY SHARES,SME (subsidiary of Mid-sized/MNC)
KONE PTE LTD,KONE HOLLAND B.V.,PRIVATE COMPANY LIMITED BY SHARES,SME (subsidiary of Mid-sized/MNC)
RE SUSTAINABILITY CLEANTECH PTE. LTD.,RAMKY ENVIRO ENGINEERS LIMITED,PRIVATE COMPANY LIMITED BY SHARES,SME (subsidiary of Mid-sized/MNC)
THE CAPITOL KEMPINSKI HOTEL SINGAPORE,CAPITOL HOTEL MANAGER PTE. LTD.,SOLE PROPRIETOR,SME (subsidiary of Mid-sized/MNC)
BERLY PROPERTIES PTE. LTD.,LHN LIMITED,PRIVATE COMPANY LIMITED BY SHARES,SME (subsidiary of Mid-sized/MNC)
S. F. EXPRESS (SINGAPORE) PRIVATE LIMITED,S.F. EXPRESS (OVERSEAS) LIMITED,PRIVATE COMPANY LIMITED BY SHARES,SME (subsidiary of Mid-sized/MNC)
THOMSON ONCOCARE CANCER CENTRE PTE. LTD.,THOMSON MEDICAL GROUP LIMITED,PRIVATE COMPANY LIMITED BY SHARES,SME (subsidiary of Mid-sized/MNC)
SUPER BEND PTE. LTD.,ZENITH STEEL GROUP CO. LTD.,PRIVATE COMPANY LIMITED BY SHARES,SME (subsidiary of Mid-sized/MNC)
CHUBB SINGAPORE PRIVATE LIMITED,CHUBB GROUP LTD,PRIVATE COMPANY LIMITED BY SHARES,SME (subsidiary of Mid-sized/MNC)
VIET NAM AMERICAN OIL TOOLS JOINT STOCK COMPANY,VIET NAM AMERICAN OIL TOOLS JOINT STOCK COMPANY,PRIVATE LIMITED,SME (subsidiary of Mid-sized/MNC)
THOMSON WOMEN'S CLINIC HOLDINGS PTE LTD,THOMSON MEDICAL GROUP LIMITED,PRIVATE COMPANY LIMITED BY SHARES,SME (subsidiary of Mid-sized/MNC)
ROBIN VILLAGE DEVELOPMENT PTE. LTD.,TIONG SENG HOLDINGS LIMITED,PRIVATE COMPANY LIMITED BY SHARES,SME (subsidiary of Mid-sized/MNC)
STARCOM MEDIA WORLDWIDE,PUBLICIS GROUPE HOLDINGS B.V.,SOLE PROPRIETOR,SME (subsidiary of Mid-sized/MNC)
VIRTUSA SINGAPORE PRIVATE LIMITED,"VIRTUSA INTERNATIONAL, B.V.",PRIVATE COMPANY LIMITED BY SHARES,SME (subsidiary of Mid-sized/MNC)
FUCHI PTE. LTD.,GECOSS CORPORATION,PRIVATE COMPANY LIMITED BY SHARES,SME (subsidiary of Mid-sized/MNC)
SKYLIFT CONSOLIDATOR (PTE) LTD,"SENKO GROUP HOLDINGS CO., LTD",PRIVATE COMPANY LIMITED BY SHARES,SME (subsidiary of Mid-sized/MNC)
HITACHI ELEVATOR ASIA PTE. LTD.,"HITACHI, LTD.",PRIVATE COMPANY LIMITED BY SHARES,SME (subsidiary of Mid-sized/MNC)
SB PROCUREMENT PTE. LTD.,SOILBUILD CONSTRUCTION GROUP LTD.,PRIVATE COMPANY LIMITED BY SHARES,SME (subsidiary of Mid-sized/MNC)
MONASH IVF SINGAPORE PTE. LTD.,MONASH IVF GROUP LIMITED,EXEMPT PRIVATE COMPANY LIMITED BY SHARES,SME (subsidiary of Mid-sized/MNC)
SOFITEL SINGAPORE CITY CENTRE,GUOCOLAND LIMITED,SOLE PROPRIETOR,SME (subsidiary of Mid-sized/MNC)
DETPAK PACKAGING PTE LTD,DETMOLD HOLDINGS PTY LTD,PRIVATE COMPANY LIMITED BY SHARES,SME (subsidiary of Mid-sized/MNC)
TIME EMPORIUM PTE. LTD.,CORTINA HOLDINGS LIMITED,PRIVATE COMPANY LIMITED BY SHARES,SME (subsidiary of Mid-sized/MNC)
QINGJIAN ENGINEERING & CONSTRUCTION PTE. LTD.,QINGJIAN ENGINEERING & CONSTRUCTION PTE. LTD.,PRIVATE COMPANY LIMITED BY SHARES,SME (subsidiary of Mid-sized/MNC)
YUNEX PTE. LTD.,YUNEX GMBH,PRIVATE COMPANY LIMITED BY SHARES,SME (subsidiary of Mid-sized/MNC)
GKE WAREHOUSING & LOGISTICS PTE LTD,GKE CORPORATION LIMITED,PRIVATE COMPANY LIMITED BY SHARES,SME (subsidiary of Mid-sized/MNC)
"ROCHE SINGAPORE TECHNICAL OPERATIONS, PTE. LTD.",F. HOFFMANN-LA ROCHE LTD,PRIVATE COMPANY LIMITED BY SHARES,SME (subsidiary of Mid-sized/MNC)
DP WORLD LOGISTICS SINGAPORE PTE. LTD.,DP WORLD LOGISTICS FZE,PRIVATE COMPANY LIMITED BY SHARES,SME (subsidiary of Mid-sized/MNC)
STEPAN ASIA PTE. LTD.,STEPAN CANADA SALES INC.,PRIVATE COMPANY LIMITED BY SHARES,SME (subsidiary of Mid-sized/MNC)
PEOPLE ADVANTAGE PTE. LTD.,TEMASEK CAPITAL (PRIVATE) LIMITED,PRIVATE COMPANY LIMITED BY SHARES,SME (subsidiary of Mid-sized/MNC)
KEPPEL BAY TOWER LLP,KEPPEL BAY TOWER LLP,LIMITED LIABILITY PARTNERSHIP,SME (subsidiary of Mid-sized/MNC)
SYMRISE ASIA PACIFIC PTE. LTD.,BUSIRIS VERMOGENSVERWALTUNG GMBH,PRIVATE COMPANY LIMITED BY SHARES,SME (subsidiary of Mid-sized/MNC)
NATIONAL UNIVERSITY OF SINGAPORE SOCIETY,NATIONAL UNIVERSITY OF SINGAPORE SOCIETY,SOCIETIES,Society
SECURITIES INVESTORS ASSOCIATION (SINGAPORE),SECURITIES INVESTORS ASSOCIATION (SINGAPORE),,Society
